video_id,channel_id,video_title,description,published_at,thumbnail_url,category_id,tags,view_count,like_count,comment_count,duration_seconds,duration_iso,definition,caption,topic_categories,engagement_rate,views_per_day,days_since_publish,is_billionaires_watch,is_milestones_watch,is_highly_viral,attention_segment,like_view_ratio,comment_view_ratio,like_comment_ratio,ingestion_timestamp,trending_region
hV2TBa7-F3A,UCzrM_068Odho89mTRrrxqbA,intro - Peso Pluma & Tito Double P (Video Oficial),"Double P Records¬©

‚Ä¢ ESCUCHA / LISTEN:
https://www.doublepmusic.com/intro

‚Ä¢LETRA
Voy por la noche arriba en el porsche
Recorriendo todos los pinches puteros
Aveces de dolce
Y las que me conocen
Dos tragos de whisky me dicen te quiero

Ya son las doce cerramos con broche
Traigo unas ganas y aqu√≠ voy pal cielo
Que el billete se note y un polvo sin corte
La piki le jala y le mama el refuego

Y ando bien lokote
fajada la corta
Ba√±adas las cachas
Brillan los diamantones se ven rosas

Vieran que bonito el chirris y la mota
Sal√≠ malandro de lejos
ahuevo yo s√© que se nota

Me pongo travieso
Se encima la zorra
S√∫bete mami ver√°s que se siente bien dura la cosa

Otra noche que
Nos pasamos de copas
Le pego unos baises
Me pide le pase el humito en la boca

Pasaron dos noches quiero que rebote
Unos besotes donde m√°s yo quiero
Otro pal rebote ya pasan las 12
Un wiskacho pa bajarme ese polvo bueno

No te me aloques p√©gate unos toques
Ya prend√≠ el gall√≥n de ese pinche veneno
Si soy bien coqueto pero a ti te quiero
V√°monos juntitos de nuevo pal cielo

ando bien lokote
fajada la corta
Ba√±adas las cachas
Brillan los diamantones se ven rosas

Vieran que bonito el chirris y la mota
Sal√≠ malandro de lejos
ahuevo yo s√© que se nota

Me pongo travieso
Sexy mamasota
Y S√∫bete mami ver√°s que se siente muy dura la cosa

Otra noche que
la pasamos de poca
me pegu√© unos baisones
Y me pide que le pase el humo en la boca

Peso Pluma
‚ãüInstagram - https://bit.ly/3KxRYMd
‚ãüSpotify - http://bit.ly/435v7ii
‚ãüTikTok - http://bit.ly/3ZBp3LC
‚ãüApple Music - http://bit.ly/411a92p
‚ãüTikTok: https://bit.ly/PesoPlumaTT

Tito Double P
‚ãüSpotify - https://spoti.fi/3RsDHUv
‚ãüInstagram - https://bit.ly/3T 
‚ãüApple Music - https://apple.co/3NdJn2u
‚ãüTikTok: https://bit.ly/4hrEhvT

M√öSICA
Productor Ejecutivo: George Prajin, Hassan Laija
Director Creativo: Hassan Laija
Producer:Ernesto Fernandez, Hassan Emilio Kabande Laija, Ivan Leal Reyes ‚ÄúParka‚Äù
Autores: Hassan Emilio Kabande Laija, Jes√∫s Roberto Laija Garc√≠a, Jorge Jimenez, Pablo
Jes√∫s Gast√©lum Olivares.

VIDEO
Director: John Dela Casa y Seb Espino
Producci√≥n: Freenjoy

#PesoPluma #TitoDoubleP #Dinastia",2025-11-21 00:00:07,https://i.ytimg.com/vi/hV2TBa7-F3A/hqdefault.jpg,10,"pp,dinastia laija,peso,doble,la doble p,Peso Pluma,Tito Double P,Tito Doble P,La Doble P,Double P Records",11289,38554,3589,214,PT3M34S,hd,false,"https://en.wikipedia.org/wiki/Hip_hop_music,https://en.wikipedia.org/wiki/Music,https://en.wikipedia.org/wiki/Music_of_Latin_America",373.3103,11289.0,1,false,false,true,highly_viral,3.4152,0.3179,10.7423,2025-11-21 01:33:20,US
MPjxijuBuSo,UCJ6nMHaJPZvsJ-HmUmj1SeA,The Hunger Games: Sunrise on the Reaping (2026) Official Teaser ‚Äì Joseph Zada,"The Hunger Games: Sunrise on the Reaping ‚Äì in theaters & IMAX November 20, 2026.

Subscribe to the LIONSGATE YouTube Channel for the latest movie trailers, clips, and more: https://bit.ly/2Z6nfym

https://www.instagram.com/thehungergames
https://www.facebook.com/TheHungerGamesMovie
https://www.threads.com/@thehungergames
https://x.com/TheHungerGames
https://www.tiktok.com/@hungergamesofficial

#TheHungerGames

THE HUNGER GAMES: SUNRISE ON THE REAPING will revisit the world of Panem 24 years before the events of The Hunger Games, starting on the morning of the reaping of the 50th Hunger Games, also known as the Second Quarter Quell.",2025-11-20 13:59:33,https://i.ytimg.com/vi/MPjxijuBuSo/hqdefault.jpg,1,"The Hunger Games,Hunger Games,hunger games trailer,Tom Blyth,Rachel Zegler,Coriolanus Snow,post-war capitol,Lucy Gray Baird,District 12,Panem",1341698,68513,3884,132,PT2M12S,hd,true,"https://en.wikipedia.org/wiki/Entertainment,https://en.wikipedia.org/wiki/Film",5.3959,1341698.0,1,false,false,true,highly_viral,0.0511,0.0029,17.6398,2025-11-21 01:33:20,US
08PxdLD16Ds,UChFur_NwVSbUozOcF_F2kMg,Hermitcraft 11: Episode 3 - Working Windmills,"In this Mumbo Jumbo Hermitcraft Season 11 Episode, Mumbo adds to new buildstone editions to his Minecraft survival starter base. These working windmills in Minecraft will generate 'electricity' for all of his future Minecraft builds. Mumbo also plays hide and seek with Grian, Geminitay, ImpulseSV and other hermits, designs new buildstone birds, and cleans up his industrial Minecraft wheat farm.

EXTENDED CHANNEL: https://www.youtube.com/@ThatJumboMumbo

JAKE KELTON CRAFTS: https://www.youtube.com/@UCTfdV70FpFvOjyS0hUzI8ww 
BIRDS: https://www.youtube.com/watch?v=armwnIaC10A

HERMIT MERCH: https://shop.hermitcraft.com/en-gbp

Filming channel: https://www.youtube.com/user/ThatMumboJumbo2
Instagram: https://www.instagram.com/officialmumbo/
Twitter: https://twitter.com/ThatMumboJumbo",2025-11-20 20:00:00,https://i.ytimg.com/vi/08PxdLD16Ds/hqdefault.jpg,20,"ideas,creative,build,survival,tutorial,How to,MumboJumbo,ThatMumboJumbo,Minecraft,Building",414507,44259,3182,2238,PT37M18S,hd,false,"https://en.wikipedia.org/wiki/Action-adventure_game,https://en.wikipedia.org/wiki/Role-playing_video_game,https://en.wikipedia.org/wiki/Video_game_culture",11.4452,414507.0,1,false,false,true,highly_viral,0.1068,0.0077,13.9092,2025-11-21 01:33:20,US
khMb8SJ5XCg,UCn0JHLJWiO3_Y5xfNPcF_Ug,Top Christmas Songs of All Time üéÑ Best Christmas Music Playlist,"# Top Christmas Songs of All Time üéÑ Best Christmas Music Playlist 

Enjoy the festive classic Top Christmas Songs of All Time playlist! This cheerful top Christmas music mix is perfect for singing along, bringing joy and holiday spirit to any celebration. Whether you‚Äôre at a Christmas party, cozying up with family, or in the classroom, our best Christmas Songs of All Time playlist if full of timeless Christmas tunes that everyone loves. Let the fun melody and catchy chorus bring smiles and create a cozy holiday atmosphere!

Holiday hits for 2025 featuring all the best and popular Christmas songs you love with lyrics to sing along and get you into the Christmas spirit üéÖ  A Merry Christmas music playlist guaranteed to fill your heart with Christmas joy! A perfect mix of Christmas music to share with family and friends for a Merry Yuletide Christmas üéÑ

## Top Christmas Songs of All Time Playlist:
00:00 All I Want For Christmas
04:10 Rockin Around The Christmas Tree
06:20 Feliz Navidad
10:14 Jingle Bell Rock
12:36 Please Come Home For Christmas
15:25 We Wish You a Merry Christmas
17:35 Rudolph The Red Nosed Reindeer
19:03 Mary's Boy Child
23:07 Silent Night
26:46 Away in a Manger
28:46 Deck the Halls
30:50 Jingle Bells
32:29 The BER Months
35:19 Joy to the World
37:11 Amazing Grace
41:59 Let it Snow
44:18 This Little Light of Mine
47:20 O Come All Ye Faithful 
49:52 How Great Thou Art 
54:50 Hark! The Herald Angels Sing
57:41 Go Tell it on the Mountain
01:00:33 Angels from the Realms of Glory
01:03:15 Christmas Is A Season Of Love
01:06:16 God Rest You Merry Gentlemen
01:10:50 Grandma Got Runover by a Reindeer
01:14:25 Have Yourself a Merry Little Christmas
01:18:17 Holly Jolly Christmas
01:20:12 I Saw Mommy Kissing Santa Claus
01:22:39 In France they have Pere Noel
01:25:27 Jolly Old St Nicholas
01:27:17 Joy to the World Original
01:30:31 Just a Closer Walk With Thee
01:34:06 Little Drummer Boy
01:37:39 O Christmas Tree
01:39:51 O Come O Come Emmanuel
01:43:10 While Shepherds Watched Their Flocks By Night
01:45:56 Twelve Days of Christmas
01:50:11 Up on the Housetop

Christmas Songs and Carols Love to Sing is your go-to destination for Top Christmas Songs and Carols that are joyful, sing-along music that brings people together! We create the best Christmas songs and carols on the internet, Love to Sing offers a wide range of festive and family-friendly music that lifts spirits and spreads holiday cheer. Whether it‚Äôs for a Christmas celebration, a Christmas gathering, or simply enjoying the magic of the Christmas season, Christmas Songs and Carols Love to Sing‚Äôs Top Christmas Songs will have everyone singing along! üé∂‚ù§Ô∏è 

Listen to the top Jingle Bells Christmas Song on YouTube - Love to Sing Jingle Bells https://www.youtube.com/watch?v=3CWJNqyub3o üîî Over 200 Million views! 

We Wish You a Merry Christmas https://www.youtube.com/watch?v=g-OF7KGyDis it's the top version on YouTubeüéÑ 

Check out our 12 Days of Christmas https://www.youtube.com/watch?v=oyEyMjdD2uk üéÖ 

Sing along with the Best Feliz Navidad of all time! https://www.youtube.com/watch?v=YNGsde7zWzw

Top 90 Christmas Songs Playlist https://www.youtube.com/watch?v=M51fAus2Vnc

üéµ Subscribe: http://www.youtube.com/c/ChristmasSongsandCarolsLovetoSing?sub_confirmation=1 

*Listen to Love to Sing on streaming platforms*

Spotify: https://open.spotify.com/artist/5dz42IMRAYRfEn0igXDjoz?si=B3u0krOjSyWBff0KzOVFMw&dl_branch=1     

YouTube Music: https://music.youtube.com/channel/UCjDkTzwSifCid5vl3gLtfbQ

Apple Music: https://music.apple.com/us/artist/love-to-sing/351051489

#christmassongs
#christmasmusic
#christmassongsandcarols
#christmasplaylist

*Follow us on social media*
Tiktok: https://www.tiktok.com/@christmassongsandcarols
Facebook: https://www.facebook.com/christmassongsandcarols
Instagram: https://www.instagram.com/christmassongsandcarols/
Twitter: https://x.com/SongsCarols

Feel the Christmas JOY with Christmas Songs and Carols - Love to Sing
¬© Love to Sing Ltd

‚ù§Ô∏è Love to Sing Licenses: https://docs.google.com/document/d/1fdAib4_Yi44hF27MwMrO8QuT_YSannZJwjzYvBD-N2I/edit?usp=sharing",2025-11-20 12:15:12,https://i.ytimg.com/vi/khMb8SJ5XCg/hqdefault.jpg,10,"top christmas song,christmas songs,top christmas songs of all time,Top Christmas Songs of All Time üéÑ Classic Christmas Carols Playlist,top 100 christmas songs of all time,best christmas songs of all time,best christmas songs,top christmas songs,top 100 christmas songs,classic christmas songs",106140,604,36,6745,PT1H52M25S,hd,false,"https://en.wikipedia.org/wiki/Christian_music,https://en.wikipedia.org/wiki/Music,https://en.wikipedia.org/wiki/Pop_music",0.603,106140.0,1,false,false,true,highly_viral,0.0057,0.0003,16.7778,2025-11-21 01:33:20,US
c3guhZL477Q,UClOf1XXinvZsy4wKPAkro2A,Vendetta | New Hero Gameplay Trailer | Overwatch 2,"You think you can outrun the wolf? That‚Äôs cute.

Introducing Vendetta - Overwatch‚Äôs first-ever melee Damage Hero! With her Palatine Fang greatsword in hand, along with her lightning-fast mobility, Vendetta dominates close-range encounters with raw power and unparalleled precision.

Dash in and demolish your foes using Whirlwind Dash, Soaring Slice, and Projected Edge, all while building attack and movement speed through her Onslaught passive. And when you‚Äôre ready to deliver the final blow, her Sundering Blade Ultimate deals severe damage to enemies directly in front of you.

Claim your vengeance as Vendetta during her limited-time Hero Trial Nov 26 - Dec 1, and see what the future holds for our newest Hero when she officially arrives in Season 20 on Dec 9.

Overwatch 2 is free to play for everyone on console & PC!
_
Follow #Overwatch2 for the latest news:
Instagram: https://www.instagram.com/playoverwatch
TikTok: https://www.tiktok.com/@overwatch
Twitter: http://www.twitter.com/playoverwatch 
Facebook: http://www.facebook.com/playoverwatch",2025-11-20 17:00:58,https://i.ytimg.com/vi/c3guhZL477Q/hqdefault.jpg,20,"Overwatch 2,Overwatch",329079,25531,3621,120,PT2M,hd,true,"https://en.wikipedia.org/wiki/Action-adventure_game,https://en.wikipedia.org/wiki/Action_game,https://en.wikipedia.org/wiki/Role-playing_video_game,https://en.wikipedia.org/wiki/Video_game_culture",8.8587,329079.0,1,false,false,true,highly_viral,0.0776,0.011,7.0508,2025-11-21 01:33:20,US
95XUYEncm1c,UCq6VFHwMzcMXbuKyG7SQYIg,A Rant Nobody Expected,"Sailing is here in OSRS https://osrs.game/MoistCr1tikal
Starforge PC https://starforgepc.com/moist-yt
Get Goof Juice and use code MOIST https://gamersupps.gg/moist
Our soap https://usecheeky.com/#starter-pack-offer
Gaming channel https://www.youtube.com/@MoistCr1TiKaLGamingOfficial
This is the greatest panera rant of All Time",2025-11-20 02:00:17,https://i.ytimg.com/vi/95XUYEncm1c/hqdefault.jpg,24,,1428987,53569,4906,869,PT14M29S,hd,false,"https://en.wikipedia.org/wiki/Action_game,https://en.wikipedia.org/wiki/Role-playing_video_game,https://en.wikipedia.org/wiki/Simulation_video_game,https://en.wikipedia.org/wiki/Video_game_culture",4.0921,1428987.0,1,false,false,true,highly_viral,0.0375,0.0034,10.9191,2025-11-21 01:33:20,US
ppp7dMhzrz8,UCM1gEqLPsgej7ZKzu9w8v7A,Lil Baby - Real Shit,"Music video by Lil Baby performing Real Shit.¬© 2025 Quality Control Music, LLC, under exclusive license to UMG Recordings, Inc.",2025-11-19 17:01:34,https://i.ytimg.com/vi/ppp7dMhzrz8/hqdefault.jpg,10,"Lil Baby,Quality Control Music/Motown Records,Hip Hop",534881,33495,2579,155,PT2M35S,hd,true,"https://en.wikipedia.org/wiki/Hip_hop_music,https://en.wikipedia.org/wiki/Music,https://en.wikipedia.org/wiki/Pop_music",6.7443,534881.0,1,false,false,true,highly_viral,0.0626,0.0048,12.9876,2025-11-21 01:33:20,US
Mwh7WFCW3f8,UClG8odDC8TS6Zpqk9CGVQiQ,Chapter 6 Finale Live Event | Teaser Trailer,Legends assemble in the final endgame to save reality. The fight begins in Fortnite Zero Hour on November 29 at 2 PM ET! #fortnite,2025-11-19 19:00:23,https://i.ytimg.com/vi/Mwh7WFCW3f8/hqdefault.jpg,10,"yt:cc=on,Fortnite,Fortnite Battle Royale,Fortnite End Event",666799,34862,2860,30,PT30S,hd,true,"https://en.wikipedia.org/wiki/Action-adventure_game,https://en.wikipedia.org/wiki/Action_game,https://en.wikipedia.org/wiki/Video_game_culture",5.6572,666799.0,1,false,false,true,highly_viral,0.0523,0.0043,12.1895,2025-11-21 01:33:20,US
_Cid2xl6AyI,UCet_y01v87pE7MPGikjTQQw,Escaping 100 Layers of Fruitblox!!,"SHOP MERCH! - https://www.unspeakable.com/

FRUIT SNACKS! - https://fruitblox.com/

EXCLUSIVE TOYS! - https://www.walmart.com/brand/unspeakable/unspeakable/20002961

NEWEST VIDEOS 2025 - https://www.youtube.com/playlist?list=PL7cUhuXpa0_2XlWhAr3z_EDpemMRyHhE4

DELETED VIDEOS - https://www.youtube.com/playlist?list=PL7cUhuXpa0_0bFcWDpYmp0X4d3kicfH1k


PLEASE leave a like & subscribe this video was expensive!! THANK YOU! I love tacos",2025-11-20 21:00:43,https://i.ytimg.com/vi/_Cid2xl6AyI/hqdefault.jpg,22,"unspeakable,vlog,vlogs,unspeakablegaming,prank,comedy,challenge,laugh,funny,moments",136951,3336,614,1452,PT24M12S,hd,false,https://en.wikipedia.org/wiki/Video_game_culture,2.8842,136951.0,1,false,false,true,highly_viral,0.0244,0.0045,5.4332,2025-11-21 01:33:20,US
LuJpdvb5bDk,UCa4LnBU2uefRS4alorjM6kw,PIRLO - EL FICTICIO üêõ [RIP Blessd] (Audio Oficial),"Qui√©n fue el que habl√≥ de sacarse el Chip de la calle ?? El chiste se cuenta solo !! A ti te clavaron pa subir !! A muerte es a muerte, sea l√≠rical o como quieran ponerla !!! El Cali cartel ser√° eterno toda la vida !!!

Suscr√≠bete a mi canal: https://www.youtube.com/@Pirlo420?sub_confirmation=1 

S√çGUEME EN:
Instagram: https://www.instagram.com/pirloconpowerr/   
Spotify: https://open.spotify.com/intl-es/artist/7GQDI5Vmxs92RsIRZzYT11?
TikTok: https://www.tiktok.com/@pirlo420music

PRODUCED BY:
G'S ON THE BEATüßôüèæ‚Äç‚ôÇÔ∏è
https://www.instagram.com/gsonthebeat/
JEY O ü¶á
https://www.instagram.com/jey_o_/

#Pirlo #Naviamusic #calicartel 

¬© 2025 NAVIA MUSIC",2025-11-19 11:52:15,https://i.ytimg.com/vi/LuJpdvb5bDk/hqdefault.jpg,10,"calicartel,pirlo,blessd,westcol,tiradera,krisr,un dia en mi barrio,trap,trapdecolombia",3429830,359184,30601,375,PT6M15S,hd,false,"https://en.wikipedia.org/wiki/Hip_hop_music,https://en.wikipedia.org/wiki/Music",11.3646,3429830.0,1,false,false,true,highly_viral,0.1047,0.0089,11.7377,2025-11-21 01:33:20,US
PypDSyIRRSs,UC_IRYSp4auq7hKLvziWVH6w,Hoppers | Official Trailer,"but HOW did he get a little crown?? üëëü¶´
Disney and Pixar's #Hoppers arrives in theaters March 6, 2026!

‚ñ∫ SUBSCRIBE to the channel to get notified when new Pixar videos are posted: https://www.youtube.com/pixar?sub_confirmation=1

‚ñ∫ SUBSCRIBE to Disney+ to stream all of your favorite Pixar shows and movies: https://www.disneyplus.com/

Follow on social media to get the latest news and announcements from Pixar:

TikTok: https://www.tiktok.com/@pixar?lang=en
Instagram: https://www.instagram.com/pixar
Facebook: https://www.facebook.com/Pixar
X: https://x.com/pixar

Experience more stories by subscribing: 

/ @Disney
/ @marvel
/ @StarWars
/ @disneyplus",2025-11-20 17:00:56,https://i.ytimg.com/vi/PypDSyIRRSs/hqdefault.jpg,1,"Pixar,Disney,Disney Pixar,Pixar Movie,Animation",1766316,19449,1975,145,PT2M25S,hd,true,"https://en.wikipedia.org/wiki/Entertainment,https://en.wikipedia.org/wiki/Film",1.2129,1766316.0,1,false,false,true,highly_viral,0.011,0.0011,9.8476,2025-11-21 01:33:20,US
taD8vci4fGI,UC6VcWc1rAoWdBCM0JxrRQ3A,GTA Online: A Safehouse in the Hills Coming This December,"You‚Äôve already built an empire. Now let Prix Luxury Real Estate erect your palace. Own the extravagant residence of your dreams in GTA Online: A Safehouse in the Hills, coming this December.

The preeminent purveyors of luxury listings are breaking ground on a series of new property developments in some of Los Santos' most exclusive neighborhoods. These meticulously designed estates will feature sprawling grounds, breathtaking views, and first-rate amenities ‚Äî including the latest in personal assistance and business service technology.",2025-11-20 16:00:05,https://i.ytimg.com/vi/taD8vci4fGI/hqdefault.jpg,20,"GTA Online,Mansions,A Safehouse in the Hills,GTA 5 Online,GTAV Online,GTA Online Update",237040,20028,2617,17,PT17S,hd,false,"https://en.wikipedia.org/wiki/Action-adventure_game,https://en.wikipedia.org/wiki/Action_game,https://en.wikipedia.org/wiki/Video_game_culture",9.5532,237040.0,1,false,false,true,highly_viral,0.0845,0.011,7.653,2025-11-21 01:33:20,US
t-93SWR_eXA,UCBbehdq68NSoAUDC_7BC5Wg,Tainy - √önica with Karol G (Official Music Video),"Official music video for ‚Äú√önica"" with Karol G, available everywhere now: https://tainy.lnk.to/Unica

SIGUE A TAINY: 
Facebook: https://www.facebook.com/Tainy-199594...
Instagram: https://www.instagram.com/tainy/
TikTok: https://www.tiktok.com/@tainy?lang=en
Twitter: https://twitter.com/tainy

#Tainy #KarolG #Unica",2025-11-21 00:00:06,https://i.ytimg.com/vi/t-93SWR_eXA/hqdefault.jpg,10,"NEON16,DATA,TAINY",65269,24137,2465,218,PT3M38S,hd,false,"https://en.wikipedia.org/wiki/Electronic_music,https://en.wikipedia.org/wiki/Music,https://en.wikipedia.org/wiki/Pop_music",40.7575,65269.0,1,false,false,true,highly_viral,0.3698,0.0378,9.7919,2025-11-21 01:33:20,US
xnoVFEGr_zs,UCq0OueAsdxH6b8nyAspwViw,Five Nights at Freddy‚Äôs 2 | Scream Kings,"Matthew Lillard and Skeet Ulrich know a thing or two about surviving chaos. Five Nights at Freddy‚Äôs 2 only in theaters December 5. Get tickets now: https://www.fivenightsatfreddys.movie/ 

-
In 2023, Blumhouse‚Äôs box-office horror phenomenon Five Nights at Freddy‚Äôs, based on the blockbuster game series by Scott Cawthon, became the highest-grossing horror film of the year. Now, a shocking new chapter of animatronic terror begins. 
 
One year has passed since the supernatural nightmare at Freddy Fazbear‚Äôs Pizza. The stories about what transpired there have been twisted into a campy local legend, inspiring the town‚Äôs first ever Fazfest. 
 
Former security guard Mike (Josh Hutcherson) and police officer Vanessa (Elizabeth Lail) have kept the truth from Mike‚Äôs 11-year-old sister, Abby (Piper Rubio), concerning the fate of her animatronic friends. 
 
But when Abby sneaks out to reconnect with Freddy, Bonnie, Chica, and Foxy, it will set into motion a terrifying series of events, revealing dark secrets about the true origin of Freddy‚Äôs, and unleashing a long-forgotten horror hidden away for decades.
 
The cast of Five Nights at Freddy‚Äôs 2 includes returning co-stars Theodus Crane as Jeremiah and the legendary Matthew Lillard as William Afton. The film features new characters played by Freddy Carter (Shadow and Bone, Pennyworth), Wayne Knight (Jurassic Park, Seinfeld), Mckenna Grace (Ghostbusters franchise, Annabelle Comes Home) and horror icon Skeet Ulrich (Scream, Riverdale). 
 
Five Nights at Freddy‚Äôs 2 is directed by acclaimed returning filmmaker Emma Tammi and is written by game series creator Scott Cawthon.
 
The film is produced by Blumhouse founder and CEO Jason Blum and Scott Cawthon, who together produced the first film. The executive producers are director Emma Tammi, Beatriz Sequeira, Christopher Warner, Russell Binder and Marc Mostman. 
 
The first Freddy‚Äôs film opened to a record-shattering $80 million in October 2023 and went on to earn almost $300 million worldwide. 


Site: https://fivenightsatfreddys.movie/
Facebook: https://www.facebook.com/FNAFMovie/
Instagram: https://www.instagram.com/fnafmovie
X: https://x.com/FNAFMovie
TikTok: https://www.tiktok.com/@fnafmovie?lang=en",2025-11-20 18:59:56,https://i.ytimg.com/vi/xnoVFEGr_zs/hqdefault.jpg,24,,175367,13766,454,38,PT38S,hd,false,"https://en.wikipedia.org/wiki/Entertainment,https://en.wikipedia.org/wiki/Film",8.1087,175367.0,1,false,false,true,highly_viral,0.0785,0.0026,30.3216,2025-11-21 01:33:20,US
TN1roozMeAU,UCY0R0Ck6qK2deVTKkfWJIEA,"Steal a Brainrot, But Brainrots EVOLVE!","Instagram: https://www.instagram.com/cashmarcoyt/
Merch: https://cashandnico.com

#Roblox #Cash #NicoandCash",2025-11-20 12:45:08,https://i.ytimg.com/vi/TN1roozMeAU/hqdefault.jpg,24,"Cash,Nico,Nico and Cash,Cash and Nico,Minecraft,Minecraft mod,family friendly,kid friendly",480087,22831,3477,1206,PT20M6S,hd,false,"https://en.wikipedia.org/wiki/Role-playing_video_game,https://en.wikipedia.org/wiki/Video_game_culture",5.4798,480087.0,1,false,false,true,highly_viral,0.0476,0.0072,6.5663,2025-11-21 01:33:20,US
VwPJ2-LzS6A,UCFZWwdDTeBrTWJs0v1_GHpg,Hear My Hope,"Provided to YouTube by Atlantic Records

Hear My Hope ¬∑ Hazbin Hotel ¬∑ Shoba Narayan ¬∑ Erika Henningsen ¬∑ Keith David ¬∑ Kimiko Glenn ¬∑ Stephanie Beatriz ¬∑ Blake Roman ¬∑ Kevin Del Aguila ¬∑ Krystina Alabado ¬∑ Jessica Vosk ¬∑ Patrick Stump ¬∑ Alex Brightman ¬∑ Daphne Rubin-Vega ¬∑ James Monroe Iglehart ¬∑ Andrew Durand ¬∑ Leslie Kritzer ¬∑ Amir Talai ¬∑ Lilli Cooper ¬∑ Joel Perez ¬∑ Christian Borle ¬∑ Alex Newell

Hazbin Hotel: Season Two (Original Soundtrack)

‚Ñó 2025 Amazon Content Services LLC under exclusive license to Atlantic Recording Corporation

Vocals: Alex Brightman
Vocals: Alex Newell
Vocals: Amir Talai
Vocals: Andrew Durand
Mixer: Andrew Maury
Keyboards, Programming: Andrew Underberg
Vocals: Blake Roman
Arranger: Brandon Bumgarner
Electric Guitar: Brandon Bumgarner
Vocals: Christian Borle
Vocals: Daphne Rubin-Vega
Cello: Emanuel Pavon
Vocals: Erika Henningsen
Vocals: Hazbin Hotel
Vocals: James Monroe Iglehart
Vocals: Jessica Vosk
Vocals: Joel Perez
Electric Guitar: Julian Nguyen
Vocals: Keith David
Orchestration: Keith Horn
Programming: Keith Horn
Vocals: Kevin Del Aguila
Vocals: Kimiko Glenn
Vocals: Krystina Alabado
Vocals: Leslie Kritzer
Vocals: Lilli Cooper
Masterer: Nathan Dantzler
Vocals: Patrick Stump
Acoustic Guitar: Rob Ritchie
Keyboards, Programming: Sam Haft
Vocals: Shoba Narayan
Vocals: Stephanie Beatriz
Writer: Sam Haft
Writer: Andrew Underberg

Auto-generated by YouTube.",2025-11-19 08:03:48,https://i.ytimg.com/vi/VwPJ2-LzS6A/hqdefault.jpg,10,"Hazbin Hotel,Shoba Narayan,Erika Henningsen,Keith David,Kimiko Glenn,Stephanie Beatriz,Blake Roman,Kevin Del Aguila,Krystina Alabado,Jessica Vosk",584657,22078,0,310,PT5M10S,hd,false,"https://en.wikipedia.org/wiki/Music,https://en.wikipedia.org/wiki/Pop_music",3.7762,584657.0,1,false,false,true,highly_viral,0.0378,0.0,0.0,2025-11-21 01:33:20,US
9-LlnenSEF4,UCuPivVjnfNo4mb3Oog_frZg,The Moment | Official Teaser HD | A24,"SUBSCRIBE: http://bit.ly/A24subscribe

From writer/director Aidan Zamiri and starring Charli XCX, Rosanna Arquette, Hailey Benton Gates, Kate Berlant, Jaime Demetriou, Kylie Jenner, Isaac Powell, Rachel Sennott, and Alexander Skarsg√•rd. THE MOMENT ‚Äì In Theaters January 30

RELEASE DATE: In Theaters January 30
DIRECTOR: Aidan Zamiri
CAST: Charli XCX, Rosanna Arquette, Hailey Benton Gates, Kate Berlant, Jaime Demetriou, Kylie Jenner, Isaac Powell, Rachel Sennott, and Alexander Skarsg√•rd

------

ABOUT A24:
The studio behind EVERYTHING EVERYWHERE ALL AT ONCE, UNCUT GEMS, MIDSOMMAR, MOONLIGHT, BEEF on Netflix, EUPHORIA on Max & more.

Coming Soon: ETERNITY, MARTY SUPREME, PILLION, THE MOMENT & more

Subscribe to A24's NEWSLETTER:  http://bit.ly/A24signup
Sign up for A24 MEMBERSHIP: aaa24.com
Visit A24 WEBSITE: http://bit.ly/A24filmsdotcom
Like A24 on FACEBOOK: http://bit.ly/FBA24
Follow A24 on TWITTER: http://bit.ly/TweetA24
Follow A24 on INSTAGRAM: http://bit.ly/InstaA24",2025-11-20 14:00:29,https://i.ytimg.com/vi/9-LlnenSEF4/hqdefault.jpg,1,"a24,a24 films,a24 trailers,independent films,trailer,HD,official,movie,film,a24 movies",87342,5059,350,90,PT1M30S,hd,true,"https://en.wikipedia.org/wiki/Entertainment,https://en.wikipedia.org/wiki/Film",6.1929,87342.0,1,false,false,true,highly_viral,0.0579,0.004,14.4543,2025-11-21 01:33:20,US
iVXX7_Z2jx8,UCMNEVbszv8ZyvSXoTn3yhpQ,üî¥LIVE | ARC RAIDERS | THE WAR HAS BEGUN | READY YOURSELVES BUNGULATORS | #BUNGULATE,"",2025-11-20 09:49:27,https://i.ytimg.com/vi/iVXX7_Z2jx8/hqdefault.jpg,20,"funny,escape from tarkov,tarkov",607310,12938,261,29359,PT8H9M19S,hd,false,"https://en.wikipedia.org/wiki/Action-adventure_game,https://en.wikipedia.org/wiki/Action_game,https://en.wikipedia.org/wiki/Role-playing_video_game,https://en.wikipedia.org/wiki/Video_game_culture",2.1734,607310.0,1,false,false,true,highly_viral,0.0213,0.0004,49.5709,2025-11-21 01:33:20,US
o2ODGCjMzDw,UCtDALJw7R-KeJXTuJii7Khg,Billie Eilish - The 30th (Lyrics),"üéµ Follow the official 7clouds playlist on Spotify : http://spoti.fi/2SJsUcZ
‚Äãüéß Billie Eilish - The 30th (Lyrics)
‚è¨ Download / Stream: https://open.spotify.com/track/5SHpuW2qjkQtFRpE6P9Nks?si=191a127415eb4f72
üîî Turn on notifications to stay updated with new uploads!

‚ù§Ô∏è Follow our Spotify playlists: http://bit.ly/7cloudsSpotify
üí™ Workout Music: http://workout.7clouds.link
üéÆ Gaming Music: http://gaming.7clouds.link
üåç Best Pop Music: http://pop.7clouds.link
ü§¨ Hardstyle Music: http://hardstyle.7clouds.link
ü•Å Drum & Bass: http://dnb.7clouds.link
üîä Hypertechno: http://techno.7clouds.link
üò° Phonk Music: http://phonk.7clouds.link
‚òÅÔ∏è 7clouds Releases: http://release.7clouds.link


üëâ Billie Eilish
https://BillieEilish.lnk.to/TikTok
https://BillieEilish.lnk.to/Instagram
https://BillieEilish.lnk.to/Facebook


‚òÅÔ∏è 7clouds:
https://open.spotify.com/user/7cloudsmusic
https://soundcloud.com/7cloudsmusic
https://audiomack.com/7cloudsmusic
https://facebook.com/7cloudsofficial
https://discord.com/invite/d5Arh8Y
https://twitter.com/7cloudsmusic
https://instagram.com/7clouds
https://tiktok.com/@7clouds
https://7clouds.org

.........
üé§ Lyrics: Billie Eilish - The 30th 

Sometimes you look the same
Just like you did before the accident
When you're staring into space
It's hard to believe you don't remember it
Woke up in the ambulance
You pieced it all together on the drive
I know you don't remember calling me
But I told you, even then, you looked so pretty
In a hospital bed
I remember you said you were scared
And so was I
In a stand-still on The Five
Thought it was unusually early traffic
Usually, I don't panic
I just wanted to be on time
When I saw the ambulances on the shoulder
I didn't even think of pulling over
I pieced it all together late that night
And I know you don't remember calling me
But I told you, even then, you looked so pretty
In a hospital bed
I remember you said you were scared
And so was I
What if it happened to you on a different day?
On a bridge where there wasn't a rail in the way?
Or a neighborhood street where the little kids play?
Or the Angeles Crest in the snow or the rain?
What if you weren't alone? There were kids in the car
What if you were remote? No one knows where you are
If you changed anything, would you not have survived?
You're alive, you're alive, you're alive
And I know you don't remember calling me
But I told you, even then, you looked so pretty
In your hospital bed
I remember you said you were scared
And so am I

.........
üìß Contact / Demo Submissions: contact@7clouds.org
.........
üíå Demos / Music Submissions: https://7clouds.portal.district.biz
.........

 #BillieEilish #The30th #lyrics #7clouds",2025-11-18 11:35:45,https://i.ytimg.com/vi/o2ODGCjMzDw/hqdefault.jpg,10,"billie eilish the 30th lyrics,lyrics the 30th,lyrics billie eilish,the 30th billie eilish lyrics,7clouds the 30th,billie eilish indie pop,alternative pop,billie eilish emotional songs,7clouds indie lyrics,the 30th billie lyrics",65791,745,60,217,PT3M37S,hd,false,"https://en.wikipedia.org/wiki/Electronic_music,https://en.wikipedia.org/wiki/Independent_music,https://en.wikipedia.org/wiki/Music,https://en.wikipedia.org/wiki/Pop_music",1.2236,32895.5,2,false,false,true,highly_viral,0.0113,0.0009,12.4167,2025-11-21 01:33:20,US
n4ZfhMKssys,UCpJN7kiUkDrH11p0GQhLyFw,RETURN TO SILENT HILL Official Trailer (2026),"First movie trailer for Silent Hill starring Jeremy Irvine, Hannah Emily Anderson.",2025-11-20 17:19:59,https://i.ytimg.com/vi/n4ZfhMKssys/hqdefault.jpg,1,,50443,2430,469,106,PT1M46S,hd,false,"https://en.wikipedia.org/wiki/Entertainment,https://en.wikipedia.org/wiki/Film",5.7471,50443.0,1,false,false,true,highly_viral,0.0482,0.0093,5.1812,2025-11-21 01:33:20,US
z0qwweEVgWE,UCsvn_Po0SmunchJYOWpOxMg,Call of Duty 23 : Black Ops 7,"i'm now operating

get yo modos https://bigmode.com/shop",2025-11-20 20:30:10,https://i.ytimg.com/vi/z0qwweEVgWE/hqdefault.jpg,20,"black ops 7,black ops,dunkey,dunkey black ops,black ops dunkey,cod 7,bo7,cod 23,cod dunkey,dunkey cod",322134,24792,1972,583,PT9M43S,hd,false,"https://en.wikipedia.org/wiki/Action-adventure_game,https://en.wikipedia.org/wiki/Action_game,https://en.wikipedia.org/wiki/Role-playing_video_game,https://en.wikipedia.org/wiki/Video_game_culture",8.3083,322134.0,1,false,false,true,highly_viral,0.077,0.0061,12.572,2025-11-21 01:33:20,US
bt2YpDx2xdE,UCmq68gs3AMYLHwu-3ujlcaA,Deja Vu FT ROA- üíø SEIS66SEIS,"Hades66,Roa - Deja Vu (Official Video)
Sigue a Hades66: sonarmusic.io/dejavu

Instagram: https://www.instagram.com/hades66
TikTok: https://www.tiktok.com/@hades66mmnf
Spotify - https://open.spotify.com/artist/4CQdcx66F116k2db2Y0rjE
Apple: https://music.apple.com/us/artist/hades66/1537462379 
Pandora: https://pandora.app.link/Ub0uy0m9TCb


#HADES66 #ROA  #DejaVu",2025-11-20 22:00:07,https://i.ytimg.com/vi/bt2YpDx2xdE/hqdefault.jpg,10,"Hades66,ScattPack,LaMRecords,PR,LaM,Deja Vu,ROA",103225,24573,1314,225,PT3M45S,hd,false,"https://en.wikipedia.org/wiki/Electronic_music,https://en.wikipedia.org/wiki/Hip_hop_music,https://en.wikipedia.org/wiki/Music,https://en.wikipedia.org/wiki/Music_of_Latin_America,https://en.wikipedia.org/wiki/Pop_music",25.0782,103225.0,1,false,false,true,highly_viral,0.2381,0.0127,18.7009,2025-11-21 01:33:20,US
2Vt3da-gHJg,UCD9qy7cc3bb5rrMjJ9tRTTA,GTA 5 - Mansion DLC TRAILER BREAKDOWN! | A Safehouse In The Hills DLC,"Breaking down the new 2025 December Mansion DLC released by Rockstar. 

Trailer: https://youtu.be/taD8vci4fGI?si=yGt8DJ-bwFsVirks
Newswire: https://www.rockstargames.com/newswire/article/179a291k799984/own-the-extravagant-residence-of-your-dreams-in-gta-online-a-safehouse


DCA Social Media:
My Vlogging Channel:  @MrCarAddictDCA  
Instagram: https://www.instagram.com/digital_car_addict/
Twitter: https://twitter.com/DigiCarAddict
Discord Server: https://discord.com/invite/X9fw9mYAnk



My Gaming Setup:
Keyboard: https://amzn.to/3wIfPkG 
Mouse: https://amzn.to/3Y4NBMK
RGB Mouse/Keyboard Pad: https://amzn.to/3l2bK8f 
Gaming Glasses: https://amzn.to/3Rkd8PP 
Headset: https://amzn.to/3HlQ5iV 
Microphone: https://amzn.to/3RkAftF 
Microphone Stand: https://amzn.to/3jlJ3Tn 
Main Monitor: https://amzn.to/40kFC04 
Secondary Monitors: https://amzn.to/40baWOy 
Triple Monitor Stand: https://amzn.to/3RmkClf 
E-WIN Gaming Chair: (Discount Code: DCA) https://bit.ly/2mlTBnJ
My PC Build:
Case: https://amzn.to/3Rn9kgA
Motherboard: https://amzn.to/3WRVkwz 
CPU: https://amzn.to/3JwdvVr 
GPU: https://amzn.to/40dEueF 
RAM (x2): https://amzn.to/3JwdrFb 
CPU Cooler: https://amzn.to/40kH1DS 
RGB Fans (120mm): https://amzn.to/40h6u0N
RGB Fans (140mm): https://amzn.to/3DzlKMN
Power Supply: https://amzn.to/3JxOYQ8 
SSD (M.2): https://amzn.to/3Rlek5m 
SSD: https://amzn.to/3Hohhh1 
CableMods: https://amzn.to/3HMcOGk 
Capture Card: https://amzn.to/3XSIGyL 
(Disclaimer - As an Amazon Associate I earn from qualifying purchases.)Discussing the new Mansion interior that was teased by Rockstar for the 2025 December DLC!


DCA Social Media:
My Vlogging Channel:  @MrCarAddictDCA  
Instagram: https://www.instagram.com/digital_car_addict/
Twitter: https://twitter.com/DigiCarAddict
Discord Server: https://discord.com/invite/X9fw9mYAnk



My Gaming Setup:
Keyboard: https://amzn.to/3wIfPkG 
Mouse: https://amzn.to/3Y4NBMK
RGB Mouse/Keyboard Pad: https://amzn.to/3l2bK8f 
Gaming Glasses: https://amzn.to/3Rkd8PP 
Headset: https://amzn.to/3HlQ5iV 
Microphone: https://amzn.to/3RkAftF 
Microphone Stand: https://amzn.to/3jlJ3Tn 
Main Monitor: https://amzn.to/40kFC04 
Secondary Monitors: https://amzn.to/40baWOy 
Triple Monitor Stand: https://amzn.to/3RmkClf 
E-WIN Gaming Chair: (Discount Code: DCA) https://bit.ly/2mlTBnJ
My PC Build:
Case: https://amzn.to/3Rn9kgA
Motherboard: https://amzn.to/3WRVkwz 
CPU: https://amzn.to/3JwdvVr 
GPU: https://amzn.to/40dEueF 
RAM (x2): https://amzn.to/3JwdrFb 
CPU Cooler: https://amzn.to/40kH1DS 
RGB Fans (120mm): https://amzn.to/40h6u0N
RGB Fans (140mm): https://amzn.to/3DzlKMN
Power Supply: https://amzn.to/3JxOYQ8 
SSD (M.2): https://amzn.to/3Rlek5m 
SSD: https://amzn.to/3Hohhh1 
CableMods: https://amzn.to/3HMcOGk 
Capture Card: https://amzn.to/3XSIGyL 
(Disclaimer - As an Amazon Associate I earn from qualifying purchases.)",2025-11-20 18:31:59,https://i.ytimg.com/vi/2Vt3da-gHJg/hqdefault.jpg,20,"Grand Theft Auto V,GTA Online,GTA 5,gta v,gta san andreas,gta 6,gta 5 online,gta car predictions,gta 2025 december dlc,gta mansion dlc",40185,2319,391,198,PT3M18S,hd,false,"https://en.wikipedia.org/wiki/Action-adventure_game,https://en.wikipedia.org/wiki/Action_game,https://en.wikipedia.org/wiki/Role-playing_video_game,https://en.wikipedia.org/wiki/Simulation_video_game,https://en.wikipedia.org/wiki/Video_game_culture",6.7438,40185.0,1,false,false,true,highly_viral,0.0577,0.0097,5.9309,2025-11-21 01:33:20,US
Tjv3G5BfzKQ,UChoPejdaVo_Z-YJaMFvm8kw,All Steal a Brainrots Meet Their OLDEST VERSIONS..,"All Steal a Brainrots Meet Their OLDEST VERSIONS..

#gara #roblox 
Join Gara Gang Discord: https://discord.gg/garagang
Join Our Roblox Group! https://www.roblox.com/groups/32652263/Garas-Hangout#!/about

Business Inquires: realgara@garabiz.com",2025-11-20 12:38:05,https://i.ytimg.com/vi/Tjv3G5BfzKQ/hqdefault.jpg,22,"gara,gara roblox,gara and kylie,garablox,omz,cash,nico,cash and nico,johnny and marty,johnny minecraft",255952,3497,290,1093,PT18M13S,hd,false,"https://en.wikipedia.org/wiki/Role-playing_video_game,https://en.wikipedia.org/wiki/Video_game_culture",1.4796,255952.0,1,false,false,true,highly_viral,0.0137,0.0011,12.0586,2025-11-21 01:33:20,US
ySJE71dxJoA,UCb9z1Q2JHslU7mB3czuN7XQ,Fine Chiki,"Provided to YouTube by DistroKid

Fine Chiki ¬∑ JNR VIGI ¬∑ Arah Ola ¬∑ Emmanuel Ola ¬∑ Jacob Hines Raphael

Fine Chiki

‚Ñó KEREPUNA RECORDS

Released on: 2025-10-31

Auto-generated by YouTube.",2025-11-07 06:58:26,https://i.ytimg.com/vi/ySJE71dxJoA/hqdefault.jpg,10,"JNR VIGI,Arah Ola,Emmanuel Ola,Jacob Hines Raphael,Fine Chiki",95699,2905,84,222,PT3M42S,hd,false,"https://en.wikipedia.org/wiki/Hip_hop_music,https://en.wikipedia.org/wiki/Music,https://en.wikipedia.org/wiki/Music_of_Latin_America,https://en.wikipedia.org/wiki/Pop_music,https://en.wikipedia.org/wiki/Reggae",3.1233,7361.46,13,false,false,true,highly_viral,0.0304,0.0009,34.5833,2025-11-21 01:33:20,US
6ubChlLxovQ,UC-2Y8dQb0S6DtpxNgAKoJKA,Tides of Annihilation - Mirror Combat Gameplay Trailer | PS5 Games,"https://www.playstation.com/en-us/games/tides-of-annihilation/

Experience the latest gameplay reveal for Tides of Annihilation, a single-player Arthurian knight fantasy action-adventure.

This new trailer takes the journey from London to the Otherworld, the realm of Avalon, where Gwendolyn joins forces with her former rival Lamorak to face a powerful foe within the mirrored domain, Tyronoe - one of the eight sisters of Morgan le Fay.

Developed by Eclipse Glow Games and inspired by Arthurian legends, Tides of Annihilation will launch on PlayStation.

Wishlist now!

üîó https://www.playstation.com/en-us/games/tides-of-annihilation/

#ps5 #ps5games #tidesofannihilation",2025-11-20 19:00:07,https://i.ytimg.com/vi/6ubChlLxovQ/hqdefault.jpg,20,"PlayStation,PS5,video games,next gen,Sony,ps5,ps5games,TidesOfAnnihilation,EclipseGlowGames",185330,16560,1313,304,PT5M4S,hd,false,"https://en.wikipedia.org/wiki/Action-adventure_game,https://en.wikipedia.org/wiki/Action_game,https://en.wikipedia.org/wiki/Role-playing_video_game,https://en.wikipedia.org/wiki/Video_game_culture",9.6439,185330.0,1,false,false,true,highly_viral,0.0894,0.0071,12.6123,2025-11-21 01:33:20,US
XH-fuSSmQuM,UCsPMNatXCwqyUuJilBT73jg,I Got The .000001% Brainrot..,"üéÆ I Released My Own ROBLOX GAME! (Dump)
https://www.roblox.com/games/98868317791094/DUMP-ALPHA
üö®100k ROBUX GIVEAWAY IN MY NEW GAME ""DUMP"" DISCORD https://discord.com/invite/dumpgame
‚ö†Ô∏èNEW CAYLUSBLOX PLUSHIE OUT NOW!! https://shopcaylus.com/ 
üéØ Play Waterpark Simulator NOW - https://store.steampowered.com/app/3293260/Waterpark_Simulator/

COME HANG OUT WITH ME IN MY DISCORD. https://discord.gg/infinite

*CAYLUS PLUSHIES* https://shopcaylus.com/

Roblox Group: https://www.roblox.com/communities/11190175/Caylus-Group#!/about

üëÄSubscribe to my NEW secret Roblox channel https://www.youtube.com/@CaylusBloxTopVids

Use ‚≠ê*STARCODE*‚≠ê Caylus
Caylus InstagramüëÄ https://www.instagram.com/caylus/?hl=en
Caylus Twitterüê¶ https://x.com/caylusq",2025-11-20 18:00:04,https://i.ytimg.com/vi/XH-fuSSmQuM/hqdefault.jpg,20,"caylusblox,caylus roblox,caylus,caylus gaming,caylus infinite,infinite lists,calus,callus,calis,roblox",303937,4893,1121,967,PT16M7S,hd,false,"https://en.wikipedia.org/wiki/Action-adventure_game,https://en.wikipedia.org/wiki/Role-playing_video_game,https://en.wikipedia.org/wiki/Simulation_video_game,https://en.wikipedia.org/wiki/Video_game_culture",1.9787,303937.0,1,false,false,true,highly_viral,0.0161,0.0037,4.3649,2025-11-21 01:33:20,US
c0-35eW9Zw0,UC4YW7VEoK1X9wp8uwnD31GA,Grupo Firme Ft. Gerardo Coronel - Qu√© Onda Perdida (Letra),"üî• Bienvenidos a Naci√≥n Mexa üî•
El espacio donde el regional mexicano se vive con pasi√≥n: corridos, sierre√±o, norte√±o, banda, tumbados y m√°s üé∫üé∏

Si disfrutas nuestra m√∫sica, suscr√≠bete y activa la campanita üîî para unirte a la familia Naci√≥n Mexa üíöü§ç‚ù§Ô∏è

üéµ Aqu√≠ encontrar√°s:
Grupo Firme Ft. Gerardo Coronel - Qu√© Onda Perdida (Letra / Lyrics)
Grupo Firme Ft. Gerardo Coronel - Qu√© Onda Perdida (Con Letra / Lyrics)
Grupo Firme Ft. Gerardo Coronel - Qu√© Onda Perdida (Subtitulada / Lyrics)
Grupo Firme Ft. Gerardo Coronel - Qu√© Onda Perdida (Lyrics)

üåé S√≠guenos en redes sociales:

üåë Facebook: Naci√≥n Mexa

ü™ê Instagram: @nacionmexa

‚ú® TikTok: @nacionmexa

üéß Playlist en Spotify:

üì© Promos/Business:

Para cualquier colaboraci√≥n, promoci√≥n o cotizaci√≥n m√°ndanos correo o mensaje directo en redes sociales.

Gracias por ser parte de Naci√≥n Mexa, la casa del regional mexicano 

¬°Thanks for supporting Naci√≥n Mexa! 

Letra:
¬øQu√© onda, perdida?
Soy tu ex, el √∫ltimo de tus amores
Me tom√© el atrevimiento de mandarte flores
Si las recibes, por favor sonr√≠e, no llores
Ya vez perdida
Uno siempre vuelve a donde lo quisieron
No me bloqueaste del WhatsApp y eso para m√≠ es nuevo
Me da pensar, que podemos comenzar de nuevo
¬øQu√© onda, perdida?
Ya volvi√≥ el cabr√≥n que m√°s te ha querido
Y aunque no quieras saber de mi te digo
No te puedo olvidar
Y la neta tampoco he querido
¬øQu√© onda, perdida?
Te me alistas por que hoy te llevo la banda
Y no me voy a ir de tu casa hasta que salgas
Hoy te quiero mirar
Pa' que me digas en la cara
Que ya no me quieres
Que t√∫ no me extra√±as
Y que alguien mejor
Est√° ocupando tu cama
¬øQu√© onda, perdida?
Ya volvi√≥ el cabr√≥n que m√°s te ha querido
Y aunque no quieras saber de mi te digo
No te puedo olvidar
Y la neta tampoco he querido
¬øQu√© onda, perdida?
Te me alistas por que hoy te llevo la banda
Y no me voy a ir de tu casa hasta que salgas
Hoy te quiero mirar
Pa' que me digas en la cara
Que ya no me quieres
Que t√∫ no me extra√±as
Y que alguien mejor
Est√° ocupando tu cama

[Tags]
#grupofirme #gerardocoronel #qu√©ondaperdida #nacionmexa",2025-11-19 19:00:41,https://i.ytimg.com/vi/c0-35eW9Zw0/hqdefault.jpg,22,,50917,107,1,240,PT4M,hd,false,"https://en.wikipedia.org/wiki/Music,https://en.wikipedia.org/wiki/Music_of_Latin_America",0.2121,50917.0,1,false,false,true,highly_viral,0.0021,0.0,107.0,2025-11-21 01:33:20,US
kvjWaYi9tMQ,UCPDXXXJj9nax0fr0Wfc048g,Very Important People Season 3 Trailer [Dropout Exclusive Series],"It‚Äôs time for the real work to begin. New season premieres December 4th, only on Dropout.

Welcome to the Dropout channel! You can support us by signing up for Dropout.tv, our subscription video platform that features a ton of exclusive content and series for only $7/month (that's less than 25 cents a day). See tons of Um Actually, Game Changer, Dimension 20, Breaking News, Total Forgiveness, and more - all uncensored and with no ads! https://signup.dropout.tv

Want to pay us more? Then sign up for Dropout Superfan, our optional ""pay more if you feel like it"" tier. Same shows, more money, plus behind-the-scenes bits, 10% off of most merch, and early access to tickets for Dropout live events. Totally optional. https://www.dropout.tv/superfan

And if you just love watching stuff on Youtube, you can instead become a member of our channel today [ http://bit.ly/2kpp0oz ] for access to OUR ENTIRE DROPOUT LIBRARY RIGHT HERE!

In the meantime, leave us some nice comments on this video. It's a good one, right?

Sign up for the Dropout newsletter here: https://newsletter.dropout.tv

FOLLOW US EVERYWHERE:
https://www.twitter.com/dropout
https://www.instagram.com/dropouttv
https://www.tiktok.com/@dropoutdottv
https://www.facebook.com/dropouttv",2025-11-20 18:31:05,https://i.ytimg.com/vi/kvjWaYi9tMQ/hqdefault.jpg,23,"comedy,humor,funny,dropout,improv comedy,Very Important People,vic michaelis,disguises,makeup,makeovers",35906,3787,472,97,PT1M37S,hd,true,"https://en.wikipedia.org/wiki/Entertainment,https://en.wikipedia.org/wiki/Television_program",11.8615,35906.0,1,false,false,true,highly_viral,0.1055,0.0131,8.0233,2025-11-21 01:33:20,US
BgOiQPxEF-I,UCjBp_7RuDBUYbd1LegWEJ8g,[4K] Xbox Partner Preview | November 2025,"Audio Descriptions: https://youtube.com/live/M4-jbTsXYjo
ASL: https://youtube.com/live/vPIRIA0eEYs

We‚Äôre thrilled to announce the next Xbox Partner Preview ‚Äì our broadcast dedicated to games from third-party partners ‚Äì is coming this Thursday November 20. We‚Äôll feature a mix of new announcements and game updates, including 007 First Light, Reanimal, Tides of Annihilation, and more, with over a dozen new trailers over the course of around 30 minutes.

As always, Xbox Partner Preview is all about sharing exciting game news from our talented partners across the globe. During Xbox Partner Preview, you‚Äôll get multiple world premieres, first looks at gameplay, and updates on other great titles coming to Xbox. Every game you see will be Xbox Play Anywhere, so you can buy once and play on Xbox console, PC and supported handhelds. And many will also be coming to Xbox Game Pass Ultimate on day one.

SUBSCRIBE TO XBOX: https://xbx.lv/2EEjmaR 

FOLLOW XBOX 
https://twitter.com/xbox 
https://www.facebook.com/xbox 
https://www.instagram.com/xbox/ 
https://www.tiktok.com/@xbox
https://www.threads.net/@xbox
https://bsky.app/profile/xbox.com",2025-11-20 18:38:42,https://i.ytimg.com/vi/BgOiQPxEF-I/hqdefault.jpg,20,"Xbox Game Pass,Game Pass,XGP,Play Anywhere,Xbox Play Anywhere,XPA,007,First Light,James Bond,Reanimal",218780,9864,541,2028,PT33M48S,hd,true,"https://en.wikipedia.org/wiki/Action-adventure_game,https://en.wikipedia.org/wiki/Action_game,https://en.wikipedia.org/wiki/Role-playing_video_game,https://en.wikipedia.org/wiki/Video_game_culture",4.7559,218780.0,1,false,false,true,highly_viral,0.0451,0.0025,18.2329,2025-11-21 01:33:20,US
F5EHH3oh4r8,UCDtQWudSjXfxyvnsdVyl4nQ,Token - The Vulgar NF (Freestyle),"New album 'I'm Not Supposed To Be Here' OUT NOW: https://token.ffm.to/instbh
Merch: https://www.tokenhiphop.com
Monetize your reaction video with no copyright: https://airtable.com/appNAYRQMWCKU8lfc/shrs9YLud9kCuQFKG
Talk to me on the discord: https://discord.gg/HcfNm6jdrF

Shot by Dom Bruno @shotbyTanj

Follow Token:
https://www.instagram.com/tokenhiphop 
https://www.tiktok.com/@tokenhiphop? 
https://twitter.com/tokenhiphop
https://www.facebook.com/tokenhiphop
https://soundcloud.com/tokenhiphop
https://laylo.com/token

Follow Token‚Äôs label:
https://www.instagram.com/nevertoodifferent/ 
https://twitter.com/nevertoodiff 
https://www.facebook.com/nevertoodifferent",2025-11-20 16:54:25,https://i.ytimg.com/vi/F5EHH3oh4r8/hqdefault.jpg,10,"nf,nf fear,nf mgk,nf washed up,nf give me a reason,nf album,nf the search,nf let you down,nf when I grow up",31401,4668,527,170,PT2M50S,hd,false,"https://en.wikipedia.org/wiki/Hip_hop_music,https://en.wikipedia.org/wiki/Music",16.5441,31401.0,1,false,false,true,highly_viral,0.1487,0.0168,8.8577,2025-11-21 01:33:20,US
5VYsnngkS_U,UCf5CjDJvsFvtVIhkfmKAwAA,Project Hail Mary | Official Trailer 2,"An unlikely friendship. An impossible mission. Watch the new trailer for #ProjectHailMary ‚Äî starring Academy Award¬Æ nominee Ryan Gosling and directed by Academy Award¬Æ-winning filmmakers Phil Lord & Christopher Miller. Screenplay by Drew Goddard. Based on Andy Weir's New York Times best-selling novel. Only in theaters and IMAX 3.20.26.

Follow @ProjectHailMary on Social:
Instagram: https://www.instagram.com/projecthailmary/
TikTok: https://www.tiktok.com/@projecthailmary
X: https://x.com/projecthailmary
Facebook: https://www.facebook.com/ProjectHailMary

#ProjectHailMary

About Amazon MGM Studios: Amazon MGM (Metro Goldwyn Mayer) is a leading entertainment company focused on the production and global distribution of film and television content across all platforms. The company owns one of the world‚Äôs deepest libraries of premium film and television content as well as the premium pay television network MGM+, which is available throughout the U.S. via cable, satellite, telco and digital distributors.  In addition, Amazon MGM has investments in numerous other television channels, digital platforms and interactive ventures and is producing premium short-form content for distribution. 

Connect with MGM Studios Online
Visit the MGM Studios WEBSITE: http://amazonmgmstudios.com/
Check out Amazon MGM on TIKTOK: https://www.tiktok.com/@amazonmgmstudios
Follow Amazon MGM Studios on INSTAGRAM: https://www.instagram.com/amazonmgmstudios/
Follow Amazon MGM Studios on TWITTER: https://twitter.com/amazonmgmstudio
Like Amazon MGM Studios on FACEBOOK: https://www.facebook.com/AmazonMGMStudios

Project Hail Mary | Official Trailer 2 | MGM 
https://www.youtube.com/@AmazonMGMStudios",2025-11-18 14:00:01,https://i.ytimg.com/vi/5VYsnngkS_U/hqdefault.jpg,24,"MGM,MGM Studios,Metro-Goldwyn- Mayer,Metro Pictures Corporations,Goldwyn Pictures,Louis B. Mayer Pictures,MGM Pictures,United Artists,Metro MGM/UA,Amazon MGM",9931706,69588,5692,185,PT3M5S,hd,true,"https://en.wikipedia.org/wiki/Entertainment,https://en.wikipedia.org/wiki/Film",0.758,4965853.0,2,false,false,true,highly_viral,0.007,0.0006,12.2256,2025-11-21 01:33:20,US
QjUoI37JPbo,UCQeRaTukNYft1_6AZPACnog,Did we get too excited too quickly?,"Asmongold Reacts to @LinusTechTips https://www.youtube.com/watch?v=g3FkuZNSGkw
‚ñ∫ Asmongold's Twitch: https://www.twitch.tv/zackrawrr
‚ñ∫ Asmongold's X: https://x.com/asmongold
‚ñ∫ Asmongold's Kick: https://kick.com/asmongold
‚ñ∫ Asmongold's Sub-Reddit: https://www.reddit.com/r/Asmongold
‚ñ∫ Asmongold's VOD Rerun Channel: https://www.twitch.tv/asmongold247

Channel Editors: CatDany & Daily Dose of Asmongold
If you own the copyright of content showed in this video and would like it to be removed:
https://x.com/CatDanyRU
https://x.com/DAsmongold",2025-11-20 00:37:53,https://i.ytimg.com/vi/QjUoI37JPbo/hqdefault.jpg,20,"asmongold,asmongold reacts,asmongold wow,asmongold highlights,asmongold youtube,world of warcraft,asmongold funny,asmongold tv,asmongold channel,zackrawrr",893221,30428,7717,1618,PT26M58S,hd,false,https://en.wikipedia.org/wiki/Video_game_culture,4.2705,893221.0,1,false,false,true,highly_viral,0.0341,0.0086,3.943,2025-11-21 01:33:20,US
wG1-cys0XXw,UClQxlqc1eT_vsH7Dyorzosw,Real Boston Richey - Mr. Pay For Shit (Official Music Video) ft. BenDaDonnn,"Real Boston Richey feat. BenDaDonnn - Mr. Pay For Shit (Official Music Video)

""Mr. Pay For Shit"" available at: https://realbostonrichey.lnk.to/mrpayforshit

Follow Real Boston Richey:
https://www.instagram.com/realbostonrichey/
https://twitter.com/OfficialRealB
https://www.tiktok.com/@realbostonrichey

(C) 2025 Freebandz Global under exclusive license to Epic Records, a division of Sony Music Entertainment.

#RealBostonRichey #BenDaDonnn #MrPayForShit",2025-11-19 20:01:03,https://i.ytimg.com/vi/wG1-cys0XXw/hqdefault.jpg,10,"future,kevin samuels,healing together,worst day,young thug,chainz,chief keef,yo gotti,meek mill,nav",205779,4281,269,171,PT2M51S,hd,false,"https://en.wikipedia.org/wiki/Electronic_music,https://en.wikipedia.org/wiki/Hip_hop_music,https://en.wikipedia.org/wiki/Music,https://en.wikipedia.org/wiki/Pop_music",2.2111,205779.0,1,false,false,true,highly_viral,0.0208,0.0013,15.9145,2025-11-21 01:33:20,US
Of7e-7cGl9k,UCWOA1ZGywLbqmigxE4Qlvuw,"With Love, Meghan: Holiday Celebration | Official Trailer | Netflix","Unwrap the magic and let the festivities begin when With Love, Meghan: Holiday Celebration arrives December 3rd! ü•Ç

Watch on Netflix: https://www.netflix.com/title/81948025

About Netflix:
Netflix is one of the world's leading entertainment services, with over 300 million paid memberships in over 190 countries enjoying TV series, films and games across a wide variety of genres and languages. Members can play, pause and resume watching as much as they want, anytime, anywhere, and can change their plans at any time.

With Love, Meghan: Holiday Celebration | Official Trailer | Netflix
https://www.youtube.com/@Netflix

'Tis the season! Meghan shares her favorite holiday traditions, seasonal crafts and family recipes with friends old and new in this festive special.",2025-11-19 17:00:00,https://i.ytimg.com/vi/Of7e-7cGl9k/hqdefault.jpg,24,"As ever,Christmas,Duchess of Sussex,Harry and Meghan,Kelly Zajfen,Lindsay Roth,Meghan,Meghan Markle,Meghan Sussex,Meghan and Harry",316592,1690,6152,77,PT1M17S,hd,true,"https://en.wikipedia.org/wiki/Entertainment,https://en.wikipedia.org/wiki/Television_program",2.477,316592.0,1,false,false,true,highly_viral,0.0053,0.0194,0.2747,2025-11-21 01:33:20,US
rpemGMWoCXA,UCaYxyR9mzVlTrOOyZD0XAmA,Madden Needs to Nerf HIM! Wheel of MUT! Ep. #21,"WOMMY Super Heater? Check. Grass Touched? Never. Crippling Loneliness? Check. Yep, we balllll boys we balllll truuueuueueueuueueueueuueueue

wow, you stud - thanks for clicking this video. quite simply, i cant help but notice how handsome you look right now - great job sport. keep up the nice work!

#mmg",2025-11-20 01:04:42,https://i.ytimg.com/vi/rpemGMWoCXA/hqdefault.jpg,17,mmg,366448,13511,710,1870,PT31M10S,hd,false,"https://en.wikipedia.org/wiki/Sports_game,https://en.wikipedia.org/wiki/Video_game_culture",3.8808,366448.0,1,false,false,true,highly_viral,0.0369,0.0019,19.0296,2025-11-21 01:33:20,US
R0-N6j3-2B8,UCNkjpVKVLFWrLM5yHxcd0-A,Changing,"Provided to YouTube by Universal Music Group

Changing ¬∑ Kevin Jonas

Changing

‚Ñó 2025 PKJ Records, LLC under exclusive license to Hollywood Records, Inc.

Released on: 2025-11-20

Recording Engineer, Producer, Vocal Producer, Composer Lyricist, Programmer: Mark Schick
Composer Lyricist, Programmer, Producer, Vocal Producer: Jason Evigan
Background Vocalist: JHart
Recording Engineer: Jackson Rau
Mixing Engineer: Serban Ghenea
Mixing Engineer: Bryce Bordone
Mastering Engineer: Dale Becker
Composer Lyricist: Sarah Hudson
Composer Lyricist: James ""JHart"" Abrahart

Auto-generated by YouTube.",2025-11-19 10:02:40,https://i.ytimg.com/vi/R0-N6j3-2B8/hqdefault.jpg,10,"Kevin Jonas,„Ç±„Éì„É≥„Ç∏„Éß„Éä„Çπ,„Ç±„Éì„É≥„Éª„Ç∏„Éß„Éä„Çπ,Changing",40630,7247,935,183,PT3M3S,hd,false,"https://en.wikipedia.org/wiki/Independent_music,https://en.wikipedia.org/wiki/Music,https://en.wikipedia.org/wiki/Pop_music",20.1378,40630.0,1,false,false,true,highly_viral,0.1784,0.023,7.7508,2025-11-21 01:33:20,US
QKYFfYLe5rs,UC_5niPa-d35gg88HaS7RrIw,Moana | Official Teaser,"#Moana, arriving only in theaters July 10, 2026 üåä Watch the new teaser now!

In Disney‚Äôs live-action adaptation of the beloved Oscar¬Æ-nominated animated adventure, Moana (Catherine Laga ªaia) answers the Ocean‚Äôs call and, for the first time, voyages beyond the reef of her island of Motunui with the infamous demigod Maui (Dwayne Johnson) on an unforgettable journey to restore prosperity to her people. The film is directed by Emmy¬Æ and Tony Award¬Æ winner Thomas Kail (‚ÄúHamilton‚Äù); produced by Dwayne Johnson, Dany Garcia, Beau Flynn, Hiram Garcia and Lin-Manuel Miranda; and executive produced by Thomas Kail, Scott Sheldon, Charles Newirth and Auli ªi Cravalho, who voiced Moana in the animated features ‚ÄúMoana‚Äù and ‚ÄúMoana 2.‚Äù Audiences can experience the brilliant cinematic sights, sounds and songs of ‚ÄúMoana‚Äù in U.S. theaters on July 10, 2026.

‚ñ∫ SUBSCRIBE to the channel to get notified when new Disney videos are posted: https://www.youtube.com/user/DisneysShows?sub_confirmation=1

‚ñ∫ SUBSCRIBE to Disney+ to stream all of your favorite Disney shows and movies: https://www.disneyplus.com/

Follow on social media to get the latest news and announcements from Disney:

TikTok: https://www.tiktok.com/@disney
Instagram: https://www.instagram.com/disney/
Facebook: https://www.facebook.com/Disney/
X: https://x.com/disney
Website: https://www.disney.com/

Experience more stories by subscribing: 

/ @marvel 
/ @StarWars 
/ @pixar 
/ @disneyplus",2025-11-17 17:00:47,https://i.ytimg.com/vi/QKYFfYLe5rs/hqdefault.jpg,24,,7207345,40045,11553,60,PT1M,hd,true,"https://en.wikipedia.org/wiki/Entertainment,https://en.wikipedia.org/wiki/Film",0.7159,2402448.33,3,false,false,true,highly_viral,0.0056,0.0016,3.4662,2025-11-21 01:33:20,US
cPiBkHE6Cwc,UCke6I9N4KfC968-yRcd5YRg,NO VISOR Mod in Among Us,"We play a No Visor Mod in Among Us 

Friends in the Video
‚≠ë @Nicovald 
‚≠ë @sigils 
‚≠ë @Zud 
‚≠ë @BiffleWiffle 
‚≠ë @PatP_ 
‚≠ë @TimeToGrind 
‚≠ë @championbran 
‚≠ë @Lookumz 

‚Ä¢ Video Editor ‚ñ∫ Russell
https://www.youtube.com/russelledits

‚Ä¢ Discord: https://discord.gg/ssundee

‚Äã‚Äã‚Ä¢ Music by Ninety9 ‚ñ∫ LivesTobu - Such Fun
Video Link: https://www.youtube.com/watch?v=d3Oc26AFDdU
Channel: https://99l.tv/Subscribe
Download the album! https://99l.tv/Levelup-i

#gaming #ssundee #amongus 

Thanks for watching!",2025-11-20 22:00:43,https://i.ytimg.com/vi/cPiBkHE6Cwc/hqdefault.jpg,20,,100643,9743,1734,1155,PT19M15S,hd,false,"https://en.wikipedia.org/wiki/Action-adventure_game,https://en.wikipedia.org/wiki/Action_game,https://en.wikipedia.org/wiki/Casual_game,https://en.wikipedia.org/wiki/Role-playing_video_game,https://en.wikipedia.org/wiki/Video_game_culture",11.4037,100643.0,1,false,false,true,highly_viral,0.0968,0.0172,5.6188,2025-11-21 01:33:20,US
yGkjdQwzuSw,UC1NZP8d-VFjV-kKSo6lDBig,BossMan Dlow - How I'm Livin (Official Music Video),"Listen to ""How I'm Livin"" On All Platforms At Midnight:
https://bossmandlow.lnk.to/HowImLivin

Follow BossMan Dlow:
Instagram: https://BossmanDlow.lnk.to/Instagram
Tiktok: https://BossmanDlow.lnk.to/TikTok
Twitter: https://BossmanDlow.lnk.to/Twitter
Facebook: https://BossmanDlow.lnk.to/facebook
Snapchat: https://BossmanDlow.lnk.to/snapchat

Listen to BossMan Dlow:
Apple Music: https://BossmanDlow.lnk.to/applemusic
Spotify: https://BossmanDlow.lnk.to/spotify
Amazon: https://BossmanDlow.lnk.to/AmazonMusic
SoundCloud: https://BossmanDlow.lnk.to/SoundCloud

Subscribe: https://BossmanDlow.lnk.to/Youtube

#BossManDlow #HowImLivin",2025-11-20 22:01:13,https://i.ytimg.com/vi/yGkjdQwzuSw/hqdefault.jpg,10,#bossmandlow,7821,1319,124,113,PT1M53S,hd,false,"https://en.wikipedia.org/wiki/Electronic_music,https://en.wikipedia.org/wiki/Hip_hop_music,https://en.wikipedia.org/wiki/Music,https://en.wikipedia.org/wiki/Pop_music",18.4503,7821.0,1,false,false,true,highly_viral,0.1686,0.0159,10.6371,2025-11-21 01:33:20,US
z_oNLLln8aE,UCY9k2Cesds_dF_ekz5c-gmQ,RETURN TO SILENT HILL | Official Trailer,"RETURN TO SILENT HILL brings the iconic horror franchise back to the screen. When James receives a mysterious letter from his lost love Mary, he is drawn to Silent Hill‚Äîa once-familiar town now consumed by darkness. As he searches for her, James faces monstrous creatures and unravels a terrifying truth that will push him to the edge of his sanity.

FOLLOW RETURN TO SILENT HILL:
Instagram - https://www.instagram.com/returntosilenthillmovie 
X - https://x.com/RTSHmovie 
Facebook - https://www.facebook.com/returntosilenthillmovie/ 
TikTok - https://www.tiktok.com/@returntosilenthillmovie 

For updates, check out https://returntosilenthillmovie.com.

Never miss a horror headline, follow us on
Instagram - https://instagram.com/bdisgusting
Twitter - https://twitter.com/bdisgusting
Facebook - https://facebook.com/BloodyDisgusting

Your #1 source for all things horror since 2001!
https://bloody-disgusting.com",2025-11-20 20:32:31,https://i.ytimg.com/vi/z_oNLLln8aE/hqdefault.jpg,24,"horror,movies,movie,genre,bloody disgusting,horror movies,clip,trailer,trailers,silent hill",10352,1088,191,92,PT1M32S,hd,false,"https://en.wikipedia.org/wiki/Entertainment,https://en.wikipedia.org/wiki/Film",12.3551,10352.0,1,false,false,true,highly_viral,0.1051,0.0185,5.6963,2025-11-21 01:33:20,US
x0NU-IRFCLc,UCzYfz8uibvnB7Yc1LjePi4g,Aphmau got a RING CAMERA!,"I‚Äôm DONE with the ‚ÄúKnock Knock‚Äù jokes!

üíú Come take a look at my merch! üíú https://aphmeow.com/
‚òÖ Check out my Minecraft Marketplace! ‚òÖ https://www.minecraft.net/en-us/marketplace/creator/catface
‚ñ∫ Instagram: https://www.instagram.com/aphmau_ 

====. * ÔΩ• ÔΩ°Ôæü‚òÜ [Friends!] ‚òÜÔΩ°ÔæüÔΩ•* .====
‚òÖ Aaron: Jason Bravura
‚òÖ Zane: Kestin Howard
‚òÖ Kim: Corinne Sudberg
‚òÖ Pierce: Shado_Temple
‚òÖ Garroth: Andy Cowley 

NOT an official Minecraft Product. Not approved by or associated with Mojang or Microsoft.

#Minecraft #Aphmau",2025-11-20 20:17:46,https://i.ytimg.com/vi/x0NU-IRFCLc/hqdefault.jpg,20,"Aphmau,Minecraft,Minecraft funny,Minecraft mods,Minecraft Aphmau,Aphmau pranks,Aphmau Minecraft Pranks,Aphmau Gaming,Aphmau Games,Aphmau Pranks Friends",112068,4902,698,1258,PT20M58S,hd,false,"https://en.wikipedia.org/wiki/Action-adventure_game,https://en.wikipedia.org/wiki/Action_game,https://en.wikipedia.org/wiki/Role-playing_video_game,https://en.wikipedia.org/wiki/Video_game_culture",4.997,112068.0,1,false,false,true,highly_viral,0.0437,0.0062,7.0229,2025-11-21 01:33:20,US
SKy55H4J23U,UC8LMwLpa2Gwae5T1LReNTZw,Kronos_StyleKumul - Daddy Raus (Official Music Video),Daddy Raus,2025-11-10 14:47:48,https://i.ytimg.com/vi/SKy55H4J23U/hqdefault.jpg,10,"Kronos_StyleKumul,BLOODLINE RECORDS,Afrobeat",37538,898,44,257,PT4M17S,hd,false,"https://en.wikipedia.org/wiki/Hip_hop_music,https://en.wikipedia.org/wiki/Music,https://en.wikipedia.org/wiki/Reggae",2.5095,3753.8,10,false,false,true,highly_viral,0.0239,0.0012,20.4091,2025-11-21 01:33:20,US
6cHym8A6DzA,UCwig0jo9FYVff261Pd05MgQ,The New Terrance and Phillip Movie Trailer,The boys eagerly anticipate the trailer to the new Terrance and Philip movie.,2025-11-20 07:37:24,https://i.ytimg.com/vi/6cHym8A6DzA/hqdefault.jpg,24,,0,0,0,1865,PT31M5S,hd,true,"https://en.wikipedia.org/wiki/Entertainment,https://en.wikipedia.org/wiki/Film",0.0,0.0,1,false,false,false,other,0.0,0.0,0.0,2025-11-21 01:33:20,US
ME6Qm5UILpU,UCjiXtODGCCulmhwypZAWSag,I Beat Clubstep,"Get the Jynxzi charm HERE: https://subs.twitch.tv/jynxzi

Get the Jynxzi charm HERE: https://subs.twitch.tv/jynxzi

Get the Jynxzi charm HERE: https://subs.twitch.tv/jynxzi

---------------------------------------------------------------------------------------------------------------------------

(title)

---------------------------------------------------------------------------------------------------------------------------

G FUEL x JYNXZI 20% OFF: http://gfuel.ly/jynxzi Code: ""JYNXZI""

KONTROLFREEK x JYNXZI 12% off: https://glnk.io/Jynxzi Code: ""JYNXZI""",2025-11-20 23:53:16,https://i.ytimg.com/vi/ME6Qm5UILpU/hqdefault.jpg,24,,186366,5091,202,7742,PT2H9M2S,hd,false,"https://en.wikipedia.org/wiki/Music_video_game,https://en.wikipedia.org/wiki/Video_game_culture",2.8401,186366.0,1,false,false,true,highly_viral,0.0273,0.0011,25.203,2025-11-21 01:33:20,US
pC32D0_xYcM,UCqPbkJrjrsQb_RGlC_4HEgg,The Kid LAROI - A PERFECT WORLD (Official Audio),"OFFICIAL AUDIO FOR ‚ÄúA PERFECT WORLD‚Äù BY THE KID LAROI 
 
PRE-SAVE + PRE-ORDER ‚ÄúBEFORE I FORGET‚Äù ALBUM OUT JANUARY 9: https://www.tkl.world/ 
 
TEXT ME: +1 (310) 634-1373
https://www.tkl.world/ 
MERCH: https://tklmerch.com/
 
FOLLOW THE KID LAROI
FACEBOOK -  https://www.facebook.com/thekidlaroi/ 
INSTAGRAM -  https://www.instagram.com/thekidlaroi/ 
TWITTER -  https://x.com/thekidlaroi 
TIKTOK -  https://www.tiktok.com/@thekidlaroi
DISCORD -  https://discord.com/invite/kidlaroi 
 
#TheKidLAROI #APERFECTWORLD #BEFOREIFORGET",2025-11-20 17:01:26,https://i.ytimg.com/vi/pC32D0_xYcM/hqdefault.jpg,10,"The kid laroi,laroi,the kid laori,perfect world,in perfect world,before forget,the kid laroi before forget,the kid laroi new album,how does it feel,the kid laroi all want is you",46655,7203,627,190,PT3M10S,hd,false,"https://en.wikipedia.org/wiki/Independent_music,https://en.wikipedia.org/wiki/Music,https://en.wikipedia.org/wiki/Pop_music",16.7828,46655.0,1,false,false,true,highly_viral,0.1544,0.0134,11.488,2025-11-21 01:33:20,US
uTQz--gYUcA,UCM6MxlydL1lQP86YA-K61PA,"With Love, Meghan: Holiday Celebration Trailer Is AS BAD As Ever!","With Love, Meghan: Holiday Celebration Trailer Is AS BAD As Ever!

Watch Our Documentary ""With Hate, Meghan: Why Does The World Have No Love For Meghan Markle? "" - Now available to all paid members of our website http://PopcornedPlanet.com Supporting us there helps us invest in more longer form, high quality productions! See the series here: https://popcorned-shop.fourthwall.com/supporters/videos/series/3950

Thumbnail images are satire created by adobe photoshop and artificial intelligence artwork.

#meghanmarkle #princeharry #royalfamily #meghanandharry #harryandmeghan #princesskate #princewilliam #princeofwales #princessofwales #princesscatherine #omidscobie #endgame #kingcharles #royalfamily #royalfamilynews",2025-11-20 14:30:21,https://i.ytimg.com/vi/uTQz--gYUcA/hqdefault.jpg,24,"meghan markle,prince harry,omid scobie,royal news today headlines,meghan and harry,harry and meghan,meghan and harry latest news,harry and meghan latest news,meghan markle latest news,prince harry latest news",38753,3483,735,659,PT10M59S,hd,false,"https://en.wikipedia.org/wiki/Entertainment,https://en.wikipedia.org/wiki/Film,https://en.wikipedia.org/wiki/Television_program",10.8843,38753.0,1,false,false,true,highly_viral,0.0899,0.019,4.7388,2025-11-21 01:33:20,US
ly8BG60LLXM,UCOb-ws0S8DmfU4nq4M4z6Rw,Bear5 Is FASTER Than Flying Fredbear..,"Bruh BEAR 5 is even faster than Fredbear In hello neighbor..
Hope yall enjoyed the vid! If you did consider liking and subscribing for more :)
‚îÅ‚îÅ‚îÅ‚îÅ‚îÅ‚îÅ‚îÅ‚îÅ‚îÅ‚îÅ‚îÅ‚îÅ‚îÅ‚îÅ
JOIN THE DISCORD ‚ñ∫ https://discord.gg/sYZNDVnrY9
Follow me on gamejolt ‚ñ∫ https://gamejolt.com/@Aimin
‚îÅ‚îÅ‚îÅ‚îÅ‚îÅ‚îÅ‚îÅ‚îÅ‚îÅ‚îÅ‚îÅ‚îÅ‚îÅ‚îÅ
Fast fredbear mod: https://steamcommunity.com/sharedfiles/filedetails/?id=3598304297
‚îÅ‚îÅ‚îÅ‚îÅ‚îÅ‚îÅ‚îÅ‚îÅ‚îÅ‚îÅ‚îÅ‚îÅ‚îÅ‚îÅ
Use Code Aimin To Get 10% off Gamer Supps:
https://gamersupps.gg/Aimin 
‚îÅ‚îÅ‚îÅ‚îÅ‚îÅ‚îÅ‚îÅ‚îÅ‚îÅ‚îÅ‚îÅ‚îÅ‚îÅ‚îÅ
#fivenightsatfreddys #fnaf #horror #horrorgame #scarygaming #gaming #gamingmemes #robot #reactionmeme #helloneighbor #fredbear",2025-11-19 20:40:26,https://i.ytimg.com/vi/ly8BG60LLXM/hqdefault.jpg,20,"fnaf,scary games,five nights at freddy's,FNAF 4 REMAKE,fnaf 4,fnaf 3,fast fredbear,fredbear,tnaf,horror game",935570,29250,4670,1030,PT17M10S,hd,false,"https://en.wikipedia.org/wiki/Action-adventure_game,https://en.wikipedia.org/wiki/Simulation_video_game,https://en.wikipedia.org/wiki/Video_game_culture",3.6256,935570.0,1,false,false,true,highly_viral,0.0313,0.005,6.2634,2025-11-21 01:33:20,US
EzXdT-msTys,UCDrHUfE4zO2Ou-WmNBIO_hw,Yung Skooley & Key Glock - LA LAKERS (Official Video) Shot By Cameron McDole,"Track 3 Featuring #KeyGlock From Skooley's Latest Project ""Sharks Never Stop Swimming Pt.2"". Out Now Streaming EVERYWHERE!!!! 

Prod. Ohh Ross & RamyOnTheBeat",2025-11-19 19:00:06,https://i.ytimg.com/vi/EzXdT-msTys/hqdefault.jpg,10,"#keyglock,#Youngdolph,#YungSkooley,#PaperRouteEmpire,CutthroatLafamilia,#Memphis,#Mississippi,#Milwaukee,#ChickenP,#Universal",53118,3762,185,143,PT2M23S,hd,false,"https://en.wikipedia.org/wiki/Hip_hop_music,https://en.wikipedia.org/wiki/Music",7.4306,53118.0,1,false,false,true,highly_viral,0.0708,0.0035,20.3351,2025-11-21 01:33:20,US
etJCYw8J3u0,UCHff-NEFRwjc1hYr9nkCk2A,FattMack - McKenzie [Official Trailer],"FattMack - McKenzie [Official Trailer]
Album dropping 12/12/25

Pre-Save here:
https://fattmack.ffm.to/mckenzie",2025-11-20 19:36:54,https://i.ytimg.com/vi/etJCYw8J3u0/hqdefault.jpg,10,,11705,2101,181,127,PT2M7S,hd,false,"https://en.wikipedia.org/wiki/Hip_hop_music,https://en.wikipedia.org/wiki/Music",19.4959,11705.0,1,false,false,true,highly_viral,0.1795,0.0155,11.6077,2025-11-21 01:33:20,US
