video_id,channel_id,video_title,description,published_at,thumbnail_url,category_id,tags,view_count,like_count,comment_count,duration_seconds,duration_iso,definition,caption,topic_categories,engagement_rate,views_per_day,days_since_publish,is_billionaires_watch,is_milestones_watch,is_highly_viral,attention_segment,like_view_ratio,comment_view_ratio,like_comment_ratio,ingestion_timestamp
WROMyJAJmp4,UCX6OQ3DkcsbYNE6H8uQQuVA,Can I Beat An F1 Driver?,"",2025-11-18 17:00:01,https://i.ytimg.com/vi/WROMyJAJmp4/hqdefault.jpg,24,,71241309,691746,6445,11,PT11S,hd,false,https://en.wikipedia.org/wiki/Lifestyle_(sociology),0.98,35620654.5,2,false,false,true,highly_viral,0.0097,0.0001,107.3306,2025-11-21 01:33:19
tAwzBYE18Us,UCX6OQ3DkcsbYNE6H8uQQuVA,How I Became MrBeef,"",2025-11-16 20:00:02,https://i.ytimg.com/vi/tAwzBYE18Us/hqdefault.jpg,24,,15132241,655349,10260,46,PT46S,hd,false,https://en.wikipedia.org/wiki/Entertainment,4.3986,3783060.25,4,false,false,true,highly_viral,0.0433,0.0007,63.8742,2025-11-21 01:33:19
LyFMbY-c_Lc,UCX6OQ3DkcsbYNE6H8uQQuVA,I Raced Noah Lyles,"",2025-11-14 17:00:01,https://i.ytimg.com/vi/LyFMbY-c_Lc/hqdefault.jpg,24,,121817177,1971457,7186,32,PT32S,hd,false,https://en.wikipedia.org/wiki/Sport,1.6243,20302862.83,6,false,false,true,highly_viral,0.0162,0.0001,274.3469,2025-11-21 01:33:19
3RmOvxilbPM,UCX6OQ3DkcsbYNE6H8uQQuVA,100 People Vs Worldâ€™s Biggest Trap!,"The traps got crazier and crazier that i didnt really expect what happened by the end lol

See how we use Slack to plan every insane challenge AND be one of 10 people who could win $10,000: https://slack.com/mrbeast SlackPartner

Go try the brand new Feastables Caramel Chocolate bars right now at Walmart, Target, or Albertsons stores nationwide! I can't wait for you to try them ğŸ‘‰ https://fstbls.com/5mj6dv FeastablesPartner

New Merch - https://mrbeast.store
Check out Viewstats! - https://www.viewstats.com/

SUBSCRIBE OR I TAKE YOUR DOG
â•”â•â•¦â•—â•”â•¦â•—â•”â•â•¦â•â•¦â•¦â•¦â•¦â•—â•”â•â•—
â•‘â•šâ•£â•‘â•‘â•‘â•šâ•£â•šâ•£â•”â•£â•”â•£â•‘â•šâ•£â•â•£ 
â• â•—â•‘â•šâ•â•‘â•‘â• â•—â•‘â•šâ•£â•‘â•‘â•‘â•‘â•‘â•â•£
â•šâ•â•©â•â•â•©â•â•©â•â•©â•â•©â•â•šâ•©â•â•©â•â•

For any questions or inquiries regarding this video, please reach out to chucky@mrbeastbusiness.com

Music Provided by https://www.extrememusic.com
----------------------------------------------------------------
follow all of these or i will kick you
â€¢ Facebook - https://www.facebook.com/MrBeast/
â€¢ Twitter - https://twitter.com/MrBeast
â€¢  Instagram - https://www.instagram.com/mrbeast
â€¢  Im Hiring! - https://www.mrbeastjobs.com/
--------------------------------------------------------------------",2025-11-08 17:00:00,https://i.ytimg.com/vi/3RmOvxilbPM/hqdefault.jpg,24,,70724109,1596057,74444,1843,PT30M43S,hd,true,"https://en.wikipedia.org/wiki/Entertainment,https://en.wikipedia.org/wiki/Television_program",2.362,5893675.75,12,false,false,true,highly_viral,0.0226,0.0011,21.4397,2025-11-21 01:33:19
R7MkZL5i3FQ,UCX6OQ3DkcsbYNE6H8uQQuVA,Giving Trick-or-Treaters Weirder and Weirder Gifts,"",2025-11-07 17:00:05,https://i.ytimg.com/vi/R7MkZL5i3FQ/hqdefault.jpg,24,,100526359,1252295,10730,27,PT27S,hd,false,https://en.wikipedia.org/wiki/Lifestyle_(sociology),1.2564,7732796.85,13,false,true,true,"milestones_watch,highly_viral",0.0125,0.0001,116.7097,2025-11-21 01:33:19
26QQE7EsnLA,UCX6OQ3DkcsbYNE6H8uQQuVA,MrBeast Lab Disaster!,"",2025-11-03 17:00:01,https://i.ytimg.com/vi/26QQE7EsnLA/hqdefault.jpg,24,,22863660,985674,14213,67,PT1M7S,hd,false,https://en.wikipedia.org/wiki/Video_game_culture,4.3733,1344921.18,17,false,false,true,highly_viral,0.0431,0.0006,69.3502,2025-11-21 01:33:19
PryTbmudhS8,UCX6OQ3DkcsbYNE6H8uQQuVA,Can We Stop World's Best Tennis Player,"",2025-10-31 16:00:02,https://i.ytimg.com/vi/PryTbmudhS8/hqdefault.jpg,24,,56704707,1034874,9596,23,PT23S,hd,false,"https://en.wikipedia.org/wiki/Sport,https://en.wikipedia.org/wiki/Tennis",1.8419,2835235.35,20,false,false,true,highly_viral,0.0183,0.0002,107.8443,2025-11-21 01:33:19
Oo9EbArcQ1c,UCX6OQ3DkcsbYNE6H8uQQuVA,"I Saved 1,000 Animals From Dying","Hey everyone, just wanted to leave this note here as a thank you to all of the organizations we got to work with! Obviously Iâ€™m just one person and without any kind of expertise, I look to these organizations and people for help in doing videos like this. This took months to put together and I can't thank these organizations enough for giving us the info we needed to be able to help!

Help save the next 1,000 animals:
https://beastphilanthropy.org/savethenextthousand

To see how Lowe's is helping other communities across the nation, visit: https://www.lowes.com/howwehelp

Special thanks to WeQare by Qatar Airways Cargo for donating the flights to the lion rescue: https://www.qatarairways.com/en-us/about-qatar-airways/environmental-awareness/wildlife-protection.html

LionWatch:  https://www.instagram.com/lionwatchprojectsa?igsh=MTV6Nnd4azdsb2FlOQ==
Alveus Sanctuary: https://www.alveussanctuary.org/
Angels for Minis: https://angelsforminis.com/
Marine Mammal Care Center: https://marinemammalcare.org/
Los Angeles County Animal Care Foundation: https://animalcare.lacounty.gov/
Flamingo Gardens: https://flamingogardens.org/
Lucky's Place: https://www.facebook.com/LuckyBelle2021/
Minga Lodge - https://www.mingalodge.com/wildlife-sanctuary
Possumbilities: https://www.facebook.com/Possumbilities21/
Salty Fox Sanctuary: https://www.saltyfoxsanctuary.com/
Smithwick Station Rescue & Rehab: https://www.smithwickstation.org/
Steadfast Wildlife: https://steadfastwildlife.weebly.com/
Turtle Rescue of The Hamptons: https://www.turtlerescueofthehamptons.org/
Waddle On Inn: https://www.waddleoninnrescue.org/
Wildlife Critters Circle of Life Rehabilitation Center: http://www.wlcritters.com/
Wild Nest Bird Rehab: https://www.wildnestbirdrehab.org/
Wild Souls Wildlife: https://wildsoulswildliferescuerehab.org/

New Merch - https://mrbeast.store
Check out Viewstats! - https://www.viewstats.com/

SUBSCRIBE OR I TAKE YOUR DOG
â•”â•â•¦â•—â•”â•¦â•—â•”â•â•¦â•â•¦â•¦â•¦â•¦â•—â•”â•â•—
â•‘â•šâ•£â•‘â•‘â•‘â•šâ•£â•šâ•£â•”â•£â•”â•£â•‘â•šâ•£â•â•£ 
â• â•—â•‘â•šâ•â•‘â•‘â• â•—â•‘â•šâ•£â•‘â•‘â•‘â•‘â•‘â•â•£
â•šâ•â•©â•â•â•©â•â•©â•â•©â•â•©â•â•šâ•©â•â•©â•â•

For any questions or inquiries regarding this video, please reach out to chucky@mrbeastbusiness.com

Music Provided by https://www.extrememusic.com
----------------------------------------------------------------
follow all of these or i will kick you
â€¢ Facebook - https://www.facebook.com/MrBeast/
â€¢ Twitter - https://twitter.com/MrBeast
â€¢  Instagram - https://www.instagram.com/mrbeast
â€¢  Im Hiring! - https://www.mrbeastjobs.com/
--------------------------------------------------------------------",2025-10-25 16:00:01,https://i.ytimg.com/vi/Oo9EbArcQ1c/hqdefault.jpg,24,,110220183,2697915,49358,1056,PT17M36S,hd,true,https://en.wikipedia.org/wiki/Lifestyle_(sociology),2.4925,4239237.81,26,false,false,true,highly_viral,0.0245,0.0004,54.6601,2025-11-21 01:33:19
yWEUL3crU_E,UCX6OQ3DkcsbYNE6H8uQQuVA,I Baked a Cake In a Race Car,"",2025-10-21 16:00:01,https://i.ytimg.com/vi/yWEUL3crU_E/hqdefault.jpg,24,,32487240,634210,6702,38,PT38S,hd,false,https://en.wikipedia.org/wiki/Entertainment,1.9728,1082908.0,30,false,false,true,highly_viral,0.0195,0.0002,94.63,2025-11-21 01:33:19
JgJrQnDIRgg,UCX6OQ3DkcsbYNE6H8uQQuVA,"First to Answer the Phone, Wins $10,000","",2025-10-17 16:00:00,https://i.ytimg.com/vi/JgJrQnDIRgg/hqdefault.jpg,24,,44712331,1427552,7638,46,PT46S,hd,false,https://en.wikipedia.org/wiki/Entertainment,3.2098,1315068.56,34,false,false,true,highly_viral,0.0319,0.0002,186.9013,2025-11-21 01:33:19
gtkqnhN0VkU,UCX6OQ3DkcsbYNE6H8uQQuVA,"Answer The Door, Win $10,000","",2025-10-14 16:00:00,https://i.ytimg.com/vi/gtkqnhN0VkU/hqdefault.jpg,24,,58694848,1838374,34869,31,PT31S,hd,false,https://en.wikipedia.org/wiki/Entertainment,3.1915,1586347.24,37,false,false,true,highly_viral,0.0313,0.0006,52.7223,2025-11-21 01:33:19
oBXSvS2QKxU,UCX6OQ3DkcsbYNE6H8uQQuVA,100 Kids Vs World's Strongest Man!,"No one could have predicted that outcome at the end lol

Feastables launched a new variety bag in Costco just in time for Halloween so you can give out mini sizes of our favorite flavors to trick-or-treaters! Find a store near you ğŸ‘‰ https://www.costco.com/w/-/locations FeastablesPartner

Incase you noticed the turbines moving during the Plane Pull section of the video, we just wanted to mention these engines were on idle therefore not sucking in any air. In order to control the planes braking system you have to have the engines on idle, which is standard in every strong man competition. We also had 2 pilots in the plane with full control of the aircraft along with personnel in contact and guiding them to ensure everything was safe for the kids, parents and crew we had on set that day.

New Merch - https://mrbeast.store

Check out Viewstats! - https://www.viewstats.com/

SUBSCRIBE OR I TAKE YOUR DOG
â•”â•â•¦â•—â•”â•¦â•—â•”â•â•¦â•â•¦â•¦â•¦â•¦â•—â•”â•â•—
â•‘â•šâ•£â•‘â•‘â•‘â•šâ•£â•šâ•£â•”â•£â•”â•£â•‘â•šâ•£â•â•£ 
â• â•—â•‘â•šâ•â•‘â•‘â• â•—â•‘â•šâ•£â•‘â•‘â•‘â•‘â•‘â•â•£
â•šâ•â•©â•â•â•©â•â•©â•â•©â•â•©â•â•šâ•©â•â•©â•â•

For any questions or inquiries regarding this video, please reach out to chucky@mrbeastbusiness.com

----------------------------------------------------------------
follow all of these or i will kick you
â€¢ Facebook - https://www.facebook.com/MrBeast/
â€¢ Twitter - https://twitter.com/MrBeast
â€¢  Instagram - https://www.instagram.com/mrbeast
â€¢  Im Hiring! - https://www.mrbeastjobs.com/
--------------------------------------------------------------------",2025-10-11 16:00:00,https://i.ytimg.com/vi/oBXSvS2QKxU/hqdefault.jpg,24,,127789176,2564699,47562,1641,PT27M21S,hd,true,https://en.wikipedia.org/wiki/Entertainment,2.0442,3194729.4,40,false,false,true,highly_viral,0.0201,0.0004,53.9233,2025-11-21 01:33:19
UTdcX1e0cMA,UCX6OQ3DkcsbYNE6H8uQQuVA,"Jump Over The Lava, Win!","",2025-10-10 16:00:01,https://i.ytimg.com/vi/UTdcX1e0cMA/hqdefault.jpg,24,,56555330,1640694,9902,63,PT1M3S,hd,false,"https://en.wikipedia.org/wiki/Action-adventure_game,https://en.wikipedia.org/wiki/Video_game_culture",2.9186,1379398.29,41,false,false,true,highly_viral,0.029,0.0002,165.6932,2025-11-21 01:33:19
oiZvK6MY7tI,UCX6OQ3DkcsbYNE6H8uQQuVA,"Call Your Ex, Win $10,000","",2025-10-07 16:00:00,https://i.ytimg.com/vi/oiZvK6MY7tI/hqdefault.jpg,24,,71354778,2018920,7390,34,PT34S,hd,false,https://en.wikipedia.org/wiki/Entertainment,2.8398,1621699.5,44,false,false,true,highly_viral,0.0283,0.0001,273.1962,2025-11-21 01:33:19
F0OkwXKcPSE,UCX6OQ3DkcsbYNE6H8uQQuVA,Hi Me In 10 Years,"Holy crap I will probably be so different when this goes public.

I will be done with highschool
I will have gone through college
Probably gotten married (jk I am a loser)

If I still do youtube that will be crazy.",2025-10-04 16:00:07,https://i.ytimg.com/vi/F0OkwXKcPSE/hqdefault.jpg,24,"Mr.Beast,mr,beast",49464508,3357295,104895,194,PT3M14S,hd,true,https://en.wikipedia.org/wiki/Lifestyle_(sociology),6.9993,1052436.34,47,false,false,true,highly_viral,0.0679,0.0021,32.0062,2025-11-21 01:33:19
686PL7rt654,UCX6OQ3DkcsbYNE6H8uQQuVA,Worldâ€™s Fastest Dinner Date,"",2025-10-03 16:00:03,https://i.ytimg.com/vi/686PL7rt654/hqdefault.jpg,24,,212774817,3114598,9633,34,PT34S,hd,false,"https://en.wikipedia.org/wiki/Food,https://en.wikipedia.org/wiki/Lifestyle_(sociology)",1.4683,4432808.69,48,false,false,true,highly_viral,0.0146,0.0,323.3259,2025-11-21 01:33:19
zo7i8VTpfNM,UCX6OQ3DkcsbYNE6H8uQQuVA,"Would You Risk Dying For $500,000?","i cant believe he did that at the end
Jack Linkâ€™s x MrBeast beef sticks have arrived! Click and go get yours now ğŸ‘‰ https://bit.ly/JLMBYT1 #snacklikeabeast #JackLinksPartner

New Merch - https://mrbeast.store

Check out Viewstats! - https://www.viewstats.com/

SUBSCRIBE OR I TAKE YOUR DOG
â•”â•â•¦â•—â•”â•¦â•—â•”â•â•¦â•â•¦â•¦â•¦â•¦â•—â•”â•â•—
â•‘â•šâ•£â•‘â•‘â•‘â•šâ•£â•šâ•£â•”â•£â•”â•£â•‘â•šâ•£â•â•£ 
â• â•—â•‘â•šâ•â•‘â•‘â• â•—â•‘â•šâ•£â•‘â•‘â•‘â•‘â•‘â•â•£
â•šâ•â•©â•â•â•©â•â•©â•â•©â•â•©â•â•šâ•©â•â•©â•â•

For any questions or inquiries regarding this video, please reach out to chucky@mrbeastbusiness.com

----------------------------------------------------------------
follow all of these or i will kick you
â€¢ Facebook - https://www.facebook.com/MrBeast/
â€¢ Twitter - https://twitter.com/MrBeast
â€¢  Instagram - https://www.instagram.com/mrbeast
â€¢  Im Hiring! - https://www.mrbeastjobs.com/
--------------------------------------------------------------------",2025-09-27 16:00:04,https://i.ytimg.com/vi/zo7i8VTpfNM/hqdefault.jpg,24,,100035230,2092016,29524,1526,PT25M26S,hd,true,https://en.wikipedia.org/wiki/Lifestyle_(sociology),2.1208,1852504.26,54,false,true,true,"milestones_watch,highly_viral",0.0209,0.0003,70.8581,2025-11-21 01:33:19
NfhuGUyWYfQ,UCX6OQ3DkcsbYNE6H8uQQuVA,Would Your Grandma Go Skydiving?,"",2025-09-26 18:00:07,https://i.ytimg.com/vi/NfhuGUyWYfQ/hqdefault.jpg,24,,73876958,2174651,7650,42,PT42S,hd,false,"https://en.wikipedia.org/wiki/Hobby,https://en.wikipedia.org/wiki/Lifestyle_(sociology)",2.954,1343217.42,55,false,false,true,highly_viral,0.0294,0.0001,284.2681,2025-11-21 01:33:19
wIpWCJKfRXs,UCX6OQ3DkcsbYNE6H8uQQuVA,I Cooked A Pizza With Power Tools,"",2025-09-23 16:00:07,https://i.ytimg.com/vi/wIpWCJKfRXs/hqdefault.jpg,24,,317082668,6224609,23006,40,PT40S,hd,false,"https://en.wikipedia.org/wiki/Entertainment,https://en.wikipedia.org/wiki/Food",1.9703,5466942.55,58,false,false,true,highly_viral,0.0196,0.0001,270.5646,2025-11-21 01:33:19
9Xeepzg1B8I,UCX6OQ3DkcsbYNE6H8uQQuVA,Which Celebrity Punches The Hardest?,"",2025-09-19 16:00:03,https://i.ytimg.com/vi/9Xeepzg1B8I/hqdefault.jpg,24,,141596903,3023379,8940,47,PT47S,hd,false,"https://en.wikipedia.org/wiki/Entertainment,https://en.wikipedia.org/wiki/Television_program",2.1415,2283821.02,62,false,false,true,highly_viral,0.0214,0.0001,338.1856,2025-11-21 01:33:19
50G0kIty7Cg,UCX6OQ3DkcsbYNE6H8uQQuVA,"Answer The Call, Win $10,000","",2025-09-16 17:00:04,https://i.ytimg.com/vi/50G0kIty7Cg/hqdefault.jpg,24,,502197333,6975796,16331,39,PT39S,hd,false,https://en.wikipedia.org/wiki/Entertainment,1.3923,7726112.82,65,false,false,true,highly_viral,0.0139,0.0,427.1506,2025-11-21 01:33:19
4l97aNza_Zc,UCX6OQ3DkcsbYNE6H8uQQuVA,"Survive 30 Days Chained To Your Ex, Win $250,000","I canâ€™t believe they chose to do that
Sign up for Current ğŸ‘‰  http://current.com/beast?utm_source=inf&utm_campaign=beast&utm_adgroup=Beast_2025-09-13&utm_creative=description with the code BEAST to get $1! Get paid faster, qualify for an advance up to $750, save smarter, and build credit all in one app. #CurrentPartner

Go find the NEW Feastables Chocolate Milk and Sour Strikes Gummies at a store near you ğŸ‘‰ https://fstbls.com/5mj6dv #FeastablesPartner

SUBSCRIBE OR I TAKE YOUR DOG
â•”â•â•¦â•—â•”â•¦â•—â•”â•â•¦â•â•¦â•¦â•¦â•¦â•—â•”â•â•—
â•‘â•šâ•£â•‘â•‘â•‘â•šâ•£â•šâ•£â•”â•£â•”â•£â•‘â•šâ•£â•â•£ 
â• â•—â•‘â•šâ•â•‘â•‘â• â•—â•‘â•šâ•£â•‘â•‘â•‘â•‘â•‘â•â•£
â•šâ•â•©â•â•â•©â•â•©â•â•©â•â•©â•â•šâ•©â•â•©â•â•

For any questions or inquiries regarding this video, please reach out to chucky@mrbeastbusiness.com

Music Provided by https://www.extrememusic.com

----------------------------------------------------------------
follow all of these or i will kick you
â€¢ Facebook - https://www.facebook.com/MrBeast/
â€¢ Twitter - https://twitter.com/MrBeast
â€¢  Instagram - https://www.instagram.com/mrbeast
â€¢  Im Hiring! - https://www.mrbeastjobs.com/
--------------------------------------------------------------------

Current is a financial technology company, not an FDIC-insured bank. Banking services provided by Choice Bank and/or Cross River Bank, both FDIC insured. Terms and conditions apply. See https://current.com/legal_disclaimers for details.",2025-09-13 16:00:01,https://i.ytimg.com/vi/4l97aNza_Zc/hqdefault.jpg,24,,169344739,3561731,55477,2224,PT37M4S,hd,true,https://en.wikipedia.org/wiki/Lifestyle_(sociology),2.136,2490363.81,68,false,false,true,highly_viral,0.021,0.0003,64.2019,2025-11-21 01:33:19
3ih2bPKSWsQ,UCX6OQ3DkcsbYNE6H8uQQuVA,I Arrested IShowSpeed,"",2025-09-12 17:00:01,https://i.ytimg.com/vi/3ih2bPKSWsQ/hqdefault.jpg,24,,66537380,2060145,5981,35,PT35S,hd,false,https://en.wikipedia.org/wiki/Entertainment,3.1052,964309.86,69,false,false,true,highly_viral,0.031,0.0001,344.4483,2025-11-21 01:33:19
uA9Zcg3vHvo,UCX6OQ3DkcsbYNE6H8uQQuVA,I Raced IShowSpeed,"New Merch - https://mrbeast.store

Check out Viewstats! - https://www.viewstats.com/

SUBSCRIBE OR I TAKE YOUR DOG
â•”â•â•¦â•—â•”â•¦â•—â•”â•â•¦â•â•¦â•¦â•¦â•¦â•—â•”â•â•—
â•‘â•šâ•£â•‘â•‘â•‘â•šâ•£â•šâ•£â•”â•£â•”â•£â•‘â•šâ•£â•â•£ 
â• â•—â•‘â•šâ•â•‘â•‘â• â•—â•‘â•šâ•£â•‘â•‘â•‘â•‘â•‘â•â•£
â•šâ•â•©â•â•â•©â•â•©â•â•©â•â•©â•â•šâ•©â•â•©â•â•

For any questions or inquiries regarding this video, please reach out to chucky@mrbeastbusiness.com

----------------------------------------------------------------
follow all of these or i will kick you
â€¢ Facebook - https://www.facebook.com/MrBeast/
â€¢ Twitter - https://twitter.com/MrBeast
â€¢  Instagram - https://www.instagram.com/mrbeast
â€¢  Im Hiring! - https://www.mrbeastjobs.com/
--------------------------------------------------------------------",2025-09-01 20:45:41,https://i.ytimg.com/vi/uA9Zcg3vHvo/hqdefault.jpg,24,,364656134,7100211,8900,47,PT47S,hd,false,https://en.wikipedia.org/wiki/Sport,1.9495,4558201.67,80,false,false,true,highly_viral,0.0195,0.0,797.7765,2025-11-21 01:33:19
_AbFXuGDRTs,UCX6OQ3DkcsbYNE6H8uQQuVA,"$1 vs $1,000,000,000 Nuclear Bunker!","Feastables Creamy Hazelnut Cups are available for a limited time at Five Below, Circle K, and Albertsons! Go get them while you can ğŸ‘‰ğŸ¼  https://fstbls.com/5mj6dv #feastablespartner #ad

MASSIVE SHOUT TO COLIN FURZE - https://www.youtube.com/@colinfurze

He was so kind to me when I visited and Iâ€™m very grateful for the time he gave me. Amazing guy

Special Thanks to the United States Department of Defense, the Government of Canada Department of National Defense, and the North American Aerospace Defense Command

SUBSCRIBE OR I TAKE YOUR DOG
â•”â•â•¦â•—â•”â•¦â•—â•”â•â•¦â•â•¦â•¦â•¦â•¦â•—â•”â•â•—
â•‘â•šâ•£â•‘â•‘â•‘â•šâ•£â•šâ•£â•”â•£â•”â•£â•‘â•šâ•£â•â•£ 
â• â•—â•‘â•šâ•â•‘â•‘â• â•—â•‘â•šâ•£â•‘â•‘â•‘â•‘â•‘â•â•£
â•šâ•â•©â•â•â•©â•â•©â•â•©â•â•©â•â•šâ•©â•â•©â•â•

For any questions or inquiries regarding this video, please reach out to chucky@mrbeastbusiness.com

Music Provided by https://www.extrememusic.com

----------------------------------------------------------------
follow all of these or i will kick you
â€¢ Facebook - https://www.facebook.com/MrBeast/
â€¢ Twitter - https://twitter.com/MrBeast
â€¢  Instagram - https://www.instagram.com/mrbeast
â€¢  Im Hiring! - https://www.mrbeastjobs.com/
--------------------------------------------------------------------",2025-08-30 16:00:11,https://i.ytimg.com/vi/_AbFXuGDRTs/hqdefault.jpg,24,,126727808,2677311,34684,1038,PT17M18S,hd,true,"",2.14,1545461.07,82,false,false,true,highly_viral,0.0211,0.0003,77.1915,2025-11-21 01:33:19
MOGW3v3pJ5Y,UCX6OQ3DkcsbYNE6H8uQQuVA,1 Subscriber = 1 Penny Donated,"",2025-08-29 16:00:10,https://i.ytimg.com/vi/MOGW3v3pJ5Y/hqdefault.jpg,24,,573248783,22559562,28232,18,PT18S,hd,false,https://en.wikipedia.org/wiki/Lifestyle_(sociology),3.9403,6906611.84,83,false,false,true,highly_viral,0.0394,0.0,799.0777,2025-11-21 01:33:19
XNtTO_339kU,UCX6OQ3DkcsbYNE6H8uQQuVA,"Pick The Wrong Tube, Get Slimed","",2025-08-27 16:00:02,https://i.ytimg.com/vi/XNtTO_339kU/hqdefault.jpg,24,,103272625,2354513,7412,36,PT36S,hd,false,https://en.wikipedia.org/wiki/Entertainment,2.2871,1214972.06,85,false,true,true,"milestones_watch,highly_viral",0.0228,0.0001,317.6623,2025-11-21 01:33:19
rB9NynBZ4go,UCX6OQ3DkcsbYNE6H8uQQuVA,Reaction Time Challenge,"",2025-08-19 16:00:02,https://i.ytimg.com/vi/rB9NynBZ4go/hqdefault.jpg,24,,110896167,1827916,11041,29,PT29S,hd,false,https://en.wikipedia.org/wiki/Entertainment,1.6583,1192431.9,93,false,false,true,highly_viral,0.0165,0.0001,165.5571,2025-11-21 01:33:19
TDv56whosPQ,UCX6OQ3DkcsbYNE6H8uQQuVA,"Survive 100 Days In Prison, Win $500,000","I did not expect them to do that lol
Get your hands on the new MrBeast Lab Hybrids here:
https://www.moosetoys.com/brands/mr-beast-lab #ad #MooseToysPartner


New Merch - https://mrbeast.store

Check out Viewstats! - https://www.viewstats.com/

SUBSCRIBE OR I TAKE YOUR DOG
â•”â•â•¦â•—â•”â•¦â•—â•”â•â•¦â•â•¦â•¦â•¦â•¦â•—â•”â•â•—
â•‘â•šâ•£â•‘â•‘â•‘â•šâ•£â•šâ•£â•”â•£â•”â•£â•‘â•šâ•£â•â•£ 
â• â•—â•‘â•šâ•â•‘â•‘â• â•—â•‘â•šâ•£â•‘â•‘â•‘â•‘â•‘â•â•£
â•šâ•â•©â•â•â•©â•â•©â•â•©â•â•©â•â•šâ•©â•â•©â•â•

For any questions or inquiries regarding this video, please reach out to chucky@mrbeastbusiness.com

Music Provided by https://www.extrememusic.com

----------------------------------------------------------------
follow all of these or i will kick you
â€¢ Facebook - https://www.facebook.com/MrBeast/
â€¢ Twitter - https://twitter.com/MrBeast
â€¢  Instagram - https://www.instagram.com/mrbeast
â€¢  Im Hiring! - https://www.mrbeastjobs.com/
--------------------------------------------------------------------",2025-08-16 19:00:02,https://i.ytimg.com/vi/TDv56whosPQ/hqdefault.jpg,24,,126959716,2919771,40688,2376,PT39M36S,hd,true,"",2.3318,1322497.04,96,false,false,true,highly_viral,0.023,0.0003,71.76,2025-11-21 01:33:19
R_BmT1OJw98,UCX6OQ3DkcsbYNE6H8uQQuVA,Every YouTube Play Button I Have,"",2025-08-15 16:00:01,https://i.ytimg.com/vi/R_BmT1OJw98/hqdefault.jpg,24,,89115006,2181969,13767,15,PT15S,hd,false,https://en.wikipedia.org/wiki/Entertainment,2.4639,918711.4,97,false,false,true,highly_viral,0.0245,0.0002,158.4927,2025-11-21 01:33:19
vpRW4JhzfSE,UCX6OQ3DkcsbYNE6H8uQQuVA,1 Subscriber = 1 Second In The Arctic,"",2025-08-08 16:00:02,https://i.ytimg.com/vi/vpRW4JhzfSE/hqdefault.jpg,24,,74864929,2444432,10833,17,PT17S,hd,false,https://en.wikipedia.org/wiki/Entertainment,3.2796,719855.09,104,false,false,true,highly_viral,0.0327,0.0001,225.6468,2025-11-21 01:33:19
qXW93Cois2s,UCX6OQ3DkcsbYNE6H8uQQuVA,Guess What Hit You,"",2025-08-05 16:00:01,https://i.ytimg.com/vi/qXW93Cois2s/hqdefault.jpg,24,,67695343,1199474,5592,32,PT32S,hd,false,https://en.wikipedia.org/wiki/Entertainment,1.7801,632666.76,107,false,false,true,highly_viral,0.0177,0.0001,214.4982,2025-11-21 01:33:19
r7f0L48dHpc,UCX6OQ3DkcsbYNE6H8uQQuVA,$1  = One Year of Clean Water,"",2025-08-02 16:00:02,https://i.ytimg.com/vi/r7f0L48dHpc/hqdefault.jpg,24,,122341777,3719133,15211,32,PT32S,hd,false,"",3.0524,1112197.97,110,false,false,true,highly_viral,0.0304,0.0001,244.5029,2025-11-21 01:33:19
Z4hVGCWH1Kc,UCX6OQ3DkcsbYNE6H8uQQuVA,"2,000,000 People Get Clean Water For The First Time!","$1 will provide 1 person with clean water for a year
Thanks to Shopify for supporting our mission to raise $40,000,000 for clean water for 2,000,000 people. Go to https://teamwater.org to donate today!

Thank you to YouTube for matching the next $2,000,000 in donations!

Get your TeamWater merch here https://mrbeast.store/pages/team-water 100% of profits go directly to #TeamWater

SUBSCRIBE OR I TAKE YOUR DOG
â•”â•â•¦â•—â•”â•¦â•—â•”â•â•¦â•â•¦â•¦â•¦â•¦â•—â•”â•â•—
â•‘â•šâ•£â•‘â•‘â•‘â•šâ•£â•šâ•£â•”â•£â•”â•£â•‘â•šâ•£â•â•£ 
â• â•—â•‘â•šâ•â•‘â•‘â• â•—â•‘â•šâ•£â•‘â•‘â•‘â•‘â•‘â•â•£
â•šâ•â•©â•â•â•©â•â•©â•â•©â•â•©â•â•šâ•©â•â•©â•â•

For any questions or inquiries regarding this video, please reach out to chucky@mrbeastbusiness.com

Music Provided by https://www.extrememusic.com

----------------------------------------------------------------
follow all of these or i will kick you
â€¢ Facebook - https://www.facebook.com/MrBeast/
â€¢ Twitter - https://twitter.com/MrBeast
â€¢  Instagram - https://www.instagram.com/mrbeast
â€¢  Im Hiring! - https://www.mrbeastjobs.com/
--------------------------------------------------------------------",2025-08-01 16:00:01,https://i.ytimg.com/vi/Z4hVGCWH1Kc/hqdefault.jpg,24,,83077290,2331506,45520,620,PT10M20S,hd,true,"",2.8612,748444.05,111,false,false,true,highly_viral,0.0281,0.0005,51.2194,2025-11-21 01:33:19
zxuICI0kL3s,UCX6OQ3DkcsbYNE6H8uQQuVA,"Donâ€™t Turn Around, Win $10k","",2025-07-31 16:00:01,https://i.ytimg.com/vi/zxuICI0kL3s/hqdefault.jpg,24,,318427986,6060683,8068,31,PT31S,hd,false,"https://en.wikipedia.org/wiki/Entertainment,https://en.wikipedia.org/wiki/Film,https://en.wikipedia.org/wiki/Television_program",1.9058,2843107.02,112,false,false,true,highly_viral,0.019,0.0,751.2002,2025-11-21 01:33:19
R1SFXJo-FlE,UCX6OQ3DkcsbYNE6H8uQQuVA,Subscribe To Explode The TNT,"",2025-07-29 16:00:01,https://i.ytimg.com/vi/R1SFXJo-FlE/hqdefault.jpg,24,,199625895,3803537,11152,19,PT19S,hd,false,https://en.wikipedia.org/wiki/Entertainment,1.9109,1751104.34,114,false,false,true,highly_viral,0.0191,0.0001,341.0632,2025-11-21 01:33:19
lQz5aqjZ3lQ,UCX6OQ3DkcsbYNE6H8uQQuVA,"Find This Briefcase, Win $10,000","",2025-07-25 16:00:02,https://i.ytimg.com/vi/lQz5aqjZ3lQ/hqdefault.jpg,24,,184257661,4985553,14033,67,PT1M7S,hd,false,"https://en.wikipedia.org/wiki/Entertainment,https://en.wikipedia.org/wiki/Film",2.7134,1561505.6,118,false,false,true,highly_viral,0.0271,0.0001,355.2735,2025-11-21 01:33:19
EiFcNbXBqeo,UCX6OQ3DkcsbYNE6H8uQQuVA,Jet Engine vs Human for $10k,"",2025-07-20 16:00:01,https://i.ytimg.com/vi/EiFcNbXBqeo/hqdefault.jpg,24,,129654950,2080689,6376,24,PT24S,hd,false,https://en.wikipedia.org/wiki/Entertainment,1.6097,1054105.28,123,false,false,true,highly_viral,0.016,0.0,326.3314,2025-11-21 01:33:19
pzBi1nwDn8U,UCX6OQ3DkcsbYNE6H8uQQuVA,"Survive 100 Days Trapped In A Private Jet, Keep It","Spending that much time in a jet is crazy
10 people will win $10,000 thanks to DoorDash. Enter promo code JET on any grocery, convenience or retail to get $10 off your order AND to enter for a chance to win $10K: https://bit.ly/44GtE3z
#doordashpartner #ad

To help offset the carbon emissions from the jet, we planted thousands of trees and are working with the Arbor Day Foundation to support certified carbon removal projects that restore forests and remove COâ‚‚ from the atmosphere.

Due to airport security, Dashers delivered this and all subsequent orders to a MrBeast crew member who then brought items to the pilot.

With DashPass, enjoy $0 delivery fees and lower service fees on eligible orders. Terms apply.

New Merch - https://mrbeast.store

Check out Viewstats! - https://www.viewstats.com/

SUBSCRIBE OR I TAKE YOUR DOG
â•”â•â•¦â•—â•”â•¦â•—â•”â•â•¦â•â•¦â•¦â•¦â•¦â•—â•”â•â•—
â•‘â•šâ•£â•‘â•‘â•‘â•šâ•£â•šâ•£â•”â•£â•”â•£â•‘â•šâ•£â•â•£ 
â• â•—â•‘â•šâ•â•‘â•‘â• â•—â•‘â•šâ•£â•‘â•‘â•‘â•‘â•‘â•â•£
â•šâ•â•©â•â•â•©â•â•©â•â•©â•â•©â•â•šâ•©â•â•©â•â•

For any questions or inquiries regarding this video, please reach out to chucky@mrbeastbusiness.com

Music Provided by https://www.extrememusic.com

----------------------------------------------------------------
follow all of these or i will kick you
â€¢ Facebook - https://www.facebook.com/MrBeast/
â€¢ Twitter - https://twitter.com/MrBeast
â€¢  Instagram - https://www.instagram.com/mrbeast
â€¢  Im Hiring! - https://www.mrbeastjobs.com/
--------------------------------------------------------------------
Terms & Conditions:
NO PURCHASE NECESSARY. Purchase will not increase your chances of winning. Sweepstakes ends 11:59 PM PT on 07/27/25. Open to legal US residents, 18+, who have an active, valid DoorDash account. See Official Rules (https://bit.ly/4nYqvoO) for complete details on how to enter, eligibility requirements, free method of entry, odds of winning, prize description, and limitations. Void where prohibited. Sponsor: DoorDash, Inc.

Promo offer valid through 11:59PM PT on 07/27/25 on orders placed at participating grocery, convenience, or retail merchants on the DoorDash app or website. Valid only in the United States. Valid only on orders with a minimum subtotal of $20, excluding fees and taxes. Maximum value of discount is $10. Discount applies to subtotal only; does not apply to fees, taxes, and gratuity. If the full $10 value is not used on a single order, the remaining value will be forfeited. Not valid for pickup. Limit one per person. Not valid for the purchase of alcohol. Fees, taxes, and gratuity still apply. Use promo code JET at checkout to redeem. See further terms and conditions at https://drd.sh/8ONpZP/.",2025-07-19 16:00:01,https://i.ytimg.com/vi/pzBi1nwDn8U/hqdefault.jpg,24,,134598625,3406161,45852,1983,PT33M3S,hd,true,"",2.5647,1085472.78,124,false,false,true,highly_viral,0.0253,0.0003,74.286,2025-11-21 01:33:19
R7oW0LwS_e4,UCX6OQ3DkcsbYNE6H8uQQuVA,I Met Neymar,"",2025-07-11 16:15:07,https://i.ytimg.com/vi/R7oW0LwS_e4/hqdefault.jpg,24,,99048405,1685146,14987,10,PT10S,hd,false,"https://en.wikipedia.org/wiki/Association_football,https://en.wikipedia.org/wiki/Sport",1.7165,750366.7,132,false,true,true,"milestones_watch,highly_viral",0.017,0.0002,112.4405,2025-11-21 01:33:19
BfKI_TQnQvo,UCX6OQ3DkcsbYNE6H8uQQuVA,I Raced A Cheetah,"",2025-07-06 16:00:01,https://i.ytimg.com/vi/BfKI_TQnQvo/hqdefault.jpg,24,,129771626,3011327,13471,20,PT20S,hd,false,https://en.wikipedia.org/wiki/Entertainment,2.3309,947238.15,137,false,false,true,highly_viral,0.0232,0.0001,223.5415,2025-11-21 01:33:19
FWAdfuPpLOc,UCX6OQ3DkcsbYNE6H8uQQuVA,World's Fastest Car Vs Cheetah!,"I still can't believe we got all these animals for this

Check out the latest Lenovo Legion Pro 7i with IntelÂ® Coreâ„¢ Ultra 9 Processor: https://www.lenovo.com/legion?cid=ww:display:334qnx #LenovoParter #ad 

The Cheetah is the most critically endangered cat in Africa and it is facing a #RaceforSurvival. You can help it win that race, find out more and donate here https://bit.ly/MrBeastCheetahsRaceforSurvival

51"" Inch Max Vertical (World Record) by Darius Clark (Credit: Dunkademics): https://youtu.be/m1Rgq65Okks

New Merch - https://mrbeast.store
Check out Viewstats! - https://www.viewstats.com/
SUBSCRIBE OR I TAKE YOUR DOG
â•”â•â•¦â•—â•”â•¦â•—â•”â•â•¦â•â•¦â•¦â•¦â•¦â•—â•”â•â•—
â•‘â•šâ•£â•‘â•‘â•‘â•šâ•£â•šâ•£â•”â•£â•”â•£â•‘â•šâ•£â•â•£
â• â•—â•‘â•šâ•â•‘â•‘â• â•—â•‘â•šâ•£â•‘â•‘â•‘â•‘â•‘â•â•£
â•šâ•â•©â•â•â•©â•â•©â•â•©â•â•©â•â•šâ•©â•â•©â•â•
For any questions or inquiries regarding this video, please reach out to chucky@mrbeastbusiness.com
----------------------------------------------------------------
follow all of these or i will kick you
â€¢ Facebook - https://www.facebook.com/MrBeast/
â€¢ Twitter - https://twitter.com/MrBeast
â€¢  Instagram - https://www.instagram.com/mrbeast
â€¢  Im Hiring! - https://www.mrbeastjobs.com/
--------------------------------------------------------------------",2025-07-05 16:00:01,https://i.ytimg.com/vi/FWAdfuPpLOc/hqdefault.jpg,24,,189973961,3345073,45361,1237,PT20M37S,hd,true,https://en.wikipedia.org/wiki/Entertainment,1.7847,1376622.91,138,false,false,true,highly_viral,0.0176,0.0002,73.7434,2025-11-21 01:33:19
NjlP2_l1Wr0,UCX6OQ3DkcsbYNE6H8uQQuVA,"You Lose, You Get Shot","",2025-06-30 16:00:08,https://i.ytimg.com/vi/NjlP2_l1Wr0/hqdefault.jpg,24,,98329466,1643763,6452,36,PT36S,hd,false,https://en.wikipedia.org/wiki/Entertainment,1.6783,687618.64,143,false,true,true,"milestones_watch,highly_viral",0.0167,0.0001,254.768,2025-11-21 01:33:19
gGcaGdHlt60,UCX6OQ3DkcsbYNE6H8uQQuVA,"If You Spill, You Lose!",Huge thanks to @NASCAR  for letting us use their race track!,2025-06-25 17:00:08,https://i.ytimg.com/vi/gGcaGdHlt60/hqdefault.jpg,24,,384251340,3546472,7310,19,PT19S,hd,false,https://en.wikipedia.org/wiki/Entertainment,0.9249,2596292.84,148,false,false,true,highly_viral,0.0092,0.0,485.1535,2025-11-21 01:33:19
pe_ejTiIcSs,UCX6OQ3DkcsbYNE6H8uQQuVA,"Lose 100 LBs, Win $250,000!","Go start the business youâ€™ve been dreaming of and visit https://www.Shopify.com/MrBeast to start your trial now. #ad #shopify 

**In Loving Memory of Coach Tyler Wall**

It is with profound sadness that we share the unexpected passing of Coach Tyler Wall. Coach Wall was a remarkable individual whose kindness and genuine spirit touched all who knew him. His loss has left our hearts heavy with grief.

Following this tragic news, we reached out to Coach Wallâ€™s family to determine whether this video should be shared. With grace and wisdom, they expressed that Tyler would have wanted his message of hope and positivity to continue reaching others, even in his absence.

We humbly ask that you honor Coach Wallâ€™s memory and respect his familyâ€™s need for privacy during this difficult time.

Coach Tyler Wallâ€™s legacy of compassion and encouragement will live on in the hearts of all who were fortunate enough to know him.


New Merch - https://mrbeast.store

Check out Viewstats! - https://www.viewstats.com/

SUBSCRIBE OR I TAKE YOUR DOG
â•”â•â•¦â•—â•”â•¦â•—â•”â•â•¦â•â•¦â•¦â•¦â•¦â•—â•”â•â•—
â•‘â•šâ•£â•‘â•‘â•‘â•šâ•£â•šâ•£â•”â•£â•”â•£â•‘â•šâ•£â•â•£ 
â• â•—â•‘â•šâ•â•‘â•‘â• â•—â•‘â•šâ•£â•‘â•‘â•‘â•‘â•‘â•â•£
â•šâ•â•©â•â•â•©â•â•©â•â•©â•â•©â•â•šâ•©â•â•©â•â•

For any questions or inquiries regarding this video, please reach out to chucky@mrbeastbusiness.com

Music Provided by https://www.extrememusic.com

----------------------------------------------------------------
follow all of these or i will kick you
â€¢ Facebook - https://www.facebook.com/MrBeast/
â€¢ Twitter - https://twitter.com/MrBeast
â€¢  Instagram - https://www.instagram.com/mrbeast
â€¢  Im Hiring! - https://www.mrbeastjobs.com/
--------------------------------------------------------------------",2025-06-21 16:00:01,https://i.ytimg.com/vi/pe_ejTiIcSs/hqdefault.jpg,24,,211427044,6460343,105455,2210,PT36M50S,hd,true,"https://en.wikipedia.org/wiki/Lifestyle_(sociology),https://en.wikipedia.org/wiki/Physical_fitness",3.1055,1390967.39,152,false,false,true,highly_viral,0.0306,0.0005,61.2616,2025-11-21 01:33:19
V6In4tmd-w8,UCX6OQ3DkcsbYNE6H8uQQuVA,"$1 vs $25,000 VFX","Huge thanks to every VFX artist that made this happen!

$1 - @HelloXRyan 
$1,000 - @scottconveryvfx 
$10,000 - @krimium. 
$25,000 - @heyBrandonB 

All renders were done without the use of AI, go check them out!",2025-06-19 17:00:41,https://i.ytimg.com/vi/V6In4tmd-w8/hqdefault.jpg,24,,94639981,2309786,12569,23,PT23S,hd,false,https://en.wikipedia.org/wiki/Video_game_culture,2.4539,614545.33,154,false,true,true,"milestones_watch,highly_viral",0.0244,0.0001,183.7685,2025-11-21 01:33:19
ZGvn9ywXjpY,UCX6OQ3DkcsbYNE6H8uQQuVA,Feastables vs Reeseâ€™s Taste Test with @gordonramsay,"",2025-06-10 16:00:02,https://i.ytimg.com/vi/ZGvn9ywXjpY/hqdefault.jpg,24,,328621589,6001875,14539,33,PT33S,hd,false,"https://en.wikipedia.org/wiki/Entertainment,https://en.wikipedia.org/wiki/Food",1.8308,2016083.37,163,false,false,true,highly_viral,0.0183,0.0,412.8121,2025-11-21 01:33:19
hTSaweR8qMI,UCX6OQ3DkcsbYNE6H8uQQuVA,"$1 vs $500,000 Date","Experiencing all of this was incredible
Buy Feastables! It tastes amazing and it's ethically sourced ğŸ‘‰ https://fstbls.com/5mj6dv #ad #feastablespartner 

New Merch - https://mrbeast.store

Check out Viewstats! - https://www.viewstats.com/

SUBSCRIBE OR I TAKE YOUR DOG
â•”â•â•¦â•—â•”â•¦â•—â•”â•â•¦â•â•¦â•¦â•¦â•¦â•—â•”â•â•—
â•‘â•šâ•£â•‘â•‘â•‘â•šâ•£â•šâ•£â•”â•£â•”â•£â•‘â•šâ•£â•â•£ 
â• â•—â•‘â•šâ•â•‘â•‘â• â•—â•‘â•šâ•£â•‘â•‘â•‘â•‘â•‘â•â•£
â•šâ•â•©â•â•â•©â•â•©â•â•©â•â•©â•â•šâ•©â•â•©â•â•

For any questions or inquiries regarding this video, please reach out to chucky@mrbeastbusiness.com

Major League Baseball footage and trademarks used with permission of Major League Baseball. All rights reserved.

----------------------------------------------------------------
follow all of these or i will kick you
â€¢ Facebook - https://www.facebook.com/MrBeast/
â€¢ Twitter - https://twitter.com/MrBeast
â€¢  Instagram - https://www.instagram.com/mrbeast
â€¢  Im Hiring! - https://www.mrbeastjobs.com/
--------------------------------------------------------------------",2025-06-07 16:00:00,https://i.ytimg.com/vi/hTSaweR8qMI/hqdefault.jpg,24,,150015105,3374358,59913,1042,PT17M22S,hd,true,https://en.wikipedia.org/wiki/Lifestyle_(sociology),2.2893,903705.45,166,false,false,true,highly_viral,0.0225,0.0004,56.321,2025-11-21 01:33:19
KCRLP-zBacU,UCX6OQ3DkcsbYNE6H8uQQuVA,Can I Teach a Penguin To Subscribe?,"",2025-05-31 16:10:27,https://i.ytimg.com/vi/KCRLP-zBacU/hqdefault.jpg,24,,560197834,7349019,17885,9,PT9S,hd,false,https://en.wikipedia.org/wiki/Entertainment,1.3151,3238137.77,173,false,false,true,highly_viral,0.0131,0.0,410.9041,2025-11-21 01:33:19
c2ukL_zjFCk,UCX6OQ3DkcsbYNE6H8uQQuVA,Extreme Helmet Game,"",2025-05-28 16:00:19,https://i.ytimg.com/vi/c2ukL_zjFCk/hqdefault.jpg,24,,178530089,3357888,7003,32,PT32S,hd,false,"https://en.wikipedia.org/wiki/Entertainment,https://en.wikipedia.org/wiki/Film,https://en.wikipedia.org/wiki/Humour,https://en.wikipedia.org/wiki/Television_program",1.8848,1014375.51,176,false,false,true,highly_viral,0.0188,0.0,479.4928,2025-11-21 01:33:19
